{
	"name": "road1",
	"version": 1,
	"class":"environment",
	"xlim":["0","65"],
	"ylim":["-7.5","7.5"],
	"parts": {		
		"road": {
			"comp_name": "road1.a3dcomp",
			"offset":null,
			"rotation_cs":null,
			"rotation":null,
			"rotation_axis":null,
			"duplicate_number":null,
			"duplicate_vector":null		
			},
		"streetlight1": {
			"comp_name": "StreetLight.a3dcomp",
			"offset":["32.5","-6.5","0"],
			"rotation_cs":null,
			"rotation":null,
			"rotation_axis":null,
			"duplicate_number":"4",
			"duplicate_vector":["10","0","0"]
			}	,
		"streetlight2": {
			"comp_name": "StreetLight.a3dcomp",
			"offset":["32.5","6.5","0"],
			"rotation_cs":["32.5","6.5","0"],
			"rotation":"180deg",
			"rotation_axis":"Z",
			"duplicate_number":"4",
			"duplicate_vector":["10","0","0"]
			},
		"cone": {
			"comp_name": "TrafficCone.a3dcomp",
			"offset":["20","0","0"],
			"rotation_cs":null,
			"rotation":null,
			"rotation_axis":null,
			"duplicate_number":null,
			"duplicate_vector":null
			}			
	}	
}
