{
    "1": {
        "view": {
            "component": "Norm",
            "namedSelection": [
            ],
            "pitchRad": 0.38204,
            "pointSize": 1,
            "rollRad": -0.41346,
            "scale": 2.03125,
            "xTranslation": 0,
            "yTranslation": 0,
            "yawRad": -0.866466
        }
    },
    "2": {
        "view": {
            "component": "Norm",
            "namedSelection": [
            ],
            "pitchRad": 0,
            "pointSize": 1,
            "rollRad": 0,
            "scale": 2.03125,
            "xTranslation": 0,
            "yTranslation": 0,
            "yawRad": 0
        }
    },
    "3": {
        "view": {
            "component": "Norm",
            "namedSelection": [
            ],
            "pitchRad": -1.30612,
            "pointSize": 1,
            "rollRad": 1.00183,
            "scale": 2.75125,
            "xTranslation": 0,
            "yTranslation": 0,
            "yawRad": -0.269193
        }
    }
}
