Iteration,total-to-static-pressure
1,200.0000000000001
2,200.0000000000001
3,200.0000000000001
4,200.0000000000001
5,200.0000000000001
6,200.0000000000001
7,200.0000000000001
8,200.0000000000001
9,200.0000000000001
10,199.4811007497601
11,191.5016189538202
12,178.7943125435615
13,161.5628909958902
14,141.827073914894
15,120.1434072664025
16,99.72829241615747
17,82.51319176278231
18,65.67663929584802
19,51.51728228239667
20,50.78059444808401
21,56.46765921646473
22,57.98491182799276
23,60.14172093095966
24,47.90773688078906
25,7.867635288530746
26,-56.06403284068064
27,-150.7374225537775
28,-206.7316232817647
29,-272.9236069790027
30,-332.6635649441855
31,-347.8149202580227
32,-359.4243829492441
33,-328.4465766873186
34,-312.0700036252608
35,-279.0417565859976
36,-251.3145943890948
37,-205.9864577111219
38,-172.9690276017967
39,-134.7845610423737
40,-96.34840921458063
41,-66.33725732737179
42,-40.8855590507212
43,-19.18074356206806
44,-0.5909387019070866
45,17.27720688748382
46,31.60318077526798
47,44.18644520023122
48,58.83283161845733
49,70.12052238083803
50,80.64584715854248
51,91.74692883335889
52,99.89915896530297
53,107.7402624200936
54,115.7045346598794
55,123.3767246605385
56,130.9311255210923
57,138.7114468968294
58,145.9038915380951
59,152.9827680996486
60,159.2499515321753
61,165.5198740917372
62,171.2494056122417
63,177.3479193261981
64,181.8302895388031
65,185.1713640917556
66,187.4988452541065
67,189.2799218304737
68,190.6857207984992
69,191.7723886068341
70,192.6032899756033
71,193.1201553924495
72,193.7363983729815
73,194.1289465739419
74,194.5924378210136
75,194.6284279004284
76,194.7630775836561
77,194.8804185004783
78,195.1338915342728
79,195.3610108297183
80,195.4578649804737
81,195.7414488542084
82,195.9632310652876
83,196.0637072053208
84,196.1480287097984
85,196.268187412143
86,196.5027035394311
87,196.528296368216
88,196.5318842934238
89,196.6969172132861
90,196.8349306378324
91,196.9059462924414
92,197.0554164964209
93,197.1832354562899
94,197.2270189187122
95,197.4293580155894
96,197.5747333983537
97,197.6469726075233
98,197.8137771784181
99,197.992271124451
100,198.1092090117764
101,198.2866380671412
102,198.4272833593055
103,198.5218149170095
104,198.6496537308572
105,198.773812576438
106,198.8836865622095
107,198.9811601454878
108,199.0602985134364
109,199.1523616596989
110,199.2228527408225
111,199.2999813871069
112,199.3549803941314
113,199.4256698276788
114,199.4725975175305
115,199.5192851712696
116,199.5655366750876
117,199.6067420986311
118,199.6334891713396
119,199.6686017610191
120,199.7010638833622
121,199.7248889150701
122,199.7407550267546
123,199.7629765912006
124,199.7757135038202
125,199.791587246901
126,199.8057914375059
127,199.8231170579684
128,199.8414673687732
129,199.8469003186976
130,199.8572012644769
131,199.866522612415
132,199.8719300889643
133,199.8780181490066
134,199.8818825861772
135,199.8853893253292
136,199.886801692333
137,199.8865560259184
138,199.8845596662701
139,199.8832738456696
140,199.8826179039432
141,199.8825354090841
142,199.8835037270925
143,199.8859070159148
144,199.8893583435798
145,199.8938270418958
146,199.8988577889463
147,199.9041197738982
148,199.9098875702077
149,199.9167050926828
150,199.9227153235589
151,199.9284088317944
152,199.9337354586883
153,199.9385491015657
154,199.9422094432681
155,199.9449129384098
156,199.9469245947099
157,199.948410242525
158,199.9490025199103
159,199.9490188665393
160,199.9491713008107
161,199.9488197946692
162,199.948342655046
163,199.9480534892423
164,199.9480770589012
165,199.9482222278703
166,199.948393884245
167,199.9490002517233
168,199.9493529579722
169,199.9493551788786
170,199.9492485281509
171,199.94880849678
172,199.9479755210996
173,199.947341798502
174,199.9461383054054
175,199.9447866138498
176,199.9435316974022
177,199.9420859706197
178,199.9404770426399
179,199.9390734222593
180,199.9372165097893
181,199.9356269788923
182,199.9339684484114
183,199.9322630169669
184,199.9305435310116
185,199.9289602851225
186,199.9272065629532
187,199.9258508571584
188,199.9241644491911
189,199.9224890137639
190,199.9209865763661
191,199.9196342843216
192,199.9182361622316
193,199.9169479798737
194,199.9160086156855
195,199.9153095613525
196,199.9144589516816
197,199.9137293928676
198,199.9136512267478
199,199.9133846744884
200,199.9130804375583
201,199.9129124889787
202,199.912836444674
203,199.9128218370873
204,199.9127046705095
205,199.9127014107028
206,199.9126890266558
207,199.9125705059933
208,199.9125744018477
209,199.9125025282489
210,199.9123025284436
211,199.9120286121043
212,199.9116765859558
213,199.9112337328434
214,199.910650537449
215,199.9104420473719
216,199.9098057061517
217,199.9091883376426
218,199.9090638987585
219,199.9086586431065
220,199.9081887230585
221,199.90777976378
222,199.907366093177
223,199.9066261808495
224,199.9061500526008
225,199.9058955138394
226,199.9050789170271
227,199.9044759734252
228,199.9036704378197
229,199.9035855933485
230,199.9026472534632
231,199.9020627928267
232,199.9016169879492
233,199.9008115939174
234,199.9004774339622
235,199.8999625030611
236,199.8993508844505
237,199.8989660793667
238,199.8986347907604
239,199.8985845819027
240,199.8980655666773
241,199.898191721141
242,199.8972498730292
243,199.8972326358893
244,199.8975400428787
245,199.8970174964475
246,199.8967521579835
247,199.8964882373706
248,199.8964666949292
249,199.8964439638914
250,199.8957705837016
251,199.895638281247
252,199.8952473763302
253,199.8955122356973
254,199.894939062683
255,199.8943810108797
256,199.8938916017251
257,199.8943547522164
258,199.8939664909578
259,199.8935317814023
260,199.8932983965088
261,199.8926667766502
262,199.8928925779918
263,199.8920443670885
264,199.8915696420987
265,199.8911447092577
266,199.8905369578748
267,199.8902242113647
268,199.8900290102332
269,199.8890444302763
270,199.8889174153154
271,199.888638657395
272,199.8879145634667
273,199.8872546367118
274,199.886870426721
275,199.8867954467103
276,199.8858578316385
277,199.8858741638824
278,199.8849233059262
279,199.884486940186
280,199.8838204010513
281,199.8835102496845
282,199.8830702022337
283,199.8825889986091
284,199.8827174155923
285,199.8822999400889
286,199.8821173772746
287,199.88248453397
288,199.8822003936521
289,199.8819238484157
290,199.8822976578748
291,199.8819971366897
292,199.8819705109404
293,199.8817285920935
294,199.8820104235591
295,199.8821372201414
296,199.8822939147719
297,199.8820270497879
298,199.882170922487
299,199.8826022840946
300,199.8822098370758
301,199.8825551047028
302,199.8828127116363
303,199.8832089182926
304,199.8829447154508
305,199.88293848732
306,199.8829624586245
307,199.8837398447986
308,199.883258080417
309,199.8837859025238
310,199.8835624903399
311,199.8837423761499
312,199.8836689332214
313,199.8841530388999
314,199.883877308175
315,199.8847092312575
316,199.8842575682058
317,199.8844815817117
318,199.8844335711403
319,199.8847447942686
320,199.8842017389927
321,199.8848608773038
322,199.8848996601508
323,199.8850922960262
324,199.8852624442276
325,199.8854592871486
326,199.8851193365772
327,199.8859653296439
328,199.8856778148029
329,199.8857427883987
330,199.8858980774369
331,199.8863842509348
332,199.8864177348462
333,199.886952303538
334,199.8869581759731
335,199.8868686666273
336,199.8877481567671
337,199.8879618944808
338,199.8880095559015
339,199.8882861220924
340,199.8884524718095
341,199.8888882655799
342,199.8890677452031
343,199.8894608823779
344,199.889592385256
345,199.8898210684991
346,199.8902013061812
347,199.8905353767914
348,199.8908513283689
349,199.8907482463493
350,199.8913621369188
351,199.8917124391995
352,199.8921029281709
353,199.8922054542517
354,199.8924337448315
355,199.8924436570214
356,199.8929706636096
357,199.8929232100396
358,199.892826660467
359,199.8930706694421
360,199.8934697962039
361,199.8937348158413
362,199.893946899686
363,199.8940588492688
364,199.8939460533285
365,199.8941216666582
366,199.8943912092803
367,199.8941182585804
368,199.8946022812699
369,199.8946196949003
370,199.8947588676652
371,199.8943848424894
372,199.8949747270252
373,199.8948163214918
374,199.8951217430488
375,199.8951855772117
376,199.8954124063745
377,199.8957300993919
378,199.8964188629442
379,199.8959825369828
380,199.8968066501297
381,199.896863085289
382,199.8973750711394
383,199.8975193778311
384,199.8978309048132
385,199.8982408287139
386,199.898575682165
387,199.89904557203
388,199.8991637617981
389,199.8992835734242
390,199.899905871727
391,199.9001309549193
392,199.9001619132936
393,199.90104607648
394,199.9009806258523
395,199.9009768156908
396,199.9016889430757
397,199.9016090214727
398,199.9020909591858
399,199.9025618054688
400,199.9026443498534
401,199.902834378268
402,199.903018289212
403,199.9027759494059
404,199.903371862051
405,199.9038695452013
406,199.9040542320737
407,199.9040751783801
408,199.9043284246819
409,199.9049699403515
410,199.9051504623421
411,199.9054567159199
412,199.905676169678
413,199.9065144371473
414,199.9063919013252
415,199.9067937893323
416,199.9068697798136
417,199.9075033312854
418,199.9074742541769
419,199.9080953504606
420,199.9083573658273
421,199.9085871783483
422,199.9091084877242
423,199.9091489369308
424,199.9096258389804
425,199.9100377629281
426,199.9106397066459
427,199.9111275306775
428,199.9115312324683
429,199.9116374806674
430,199.9130456674921
431,199.9130815276404
432,199.9140532361299
433,199.9141714715534
434,199.914735406069
435,199.9150709016274
436,199.915198099677
437,199.9153965230947
438,199.9158984683031
439,199.9160529179671
440,199.9160301685843
441,199.916611323355
442,199.9168045137033
443,199.9170837021865
444,199.9172385944163
445,199.9176327677791
446,199.9176903228108
447,199.918103736112
448,199.918440195275
449,199.9184306560731
450,199.9188116052316
451,199.9191595083334
452,199.9192553512853
453,199.9194891345327
454,199.9200261912193
455,199.919692336716
456,199.9201416353735
457,199.9206309413543
458,199.9205108822943
459,199.9206169492451
460,199.9209448170541
461,199.9213563711985
462,199.9211160073326
463,199.9210606188757
464,199.9211486272846
465,199.9214314813899
466,199.9210423089725
467,199.9217236397108
468,199.9213790980038
469,199.9210127402494
470,199.9218250997611
471,199.921381246836
472,199.921726035703
473,199.9215614575372
474,199.9217868448973
475,199.9218387559249
476,199.921667108203
477,199.9224237749172
478,199.9220642987921
479,199.9226507009978
480,199.9224135185684
481,199.9231103284318
482,199.9226844249399
483,199.9229740583285
484,199.923422150969
485,199.9233293842997
486,199.9229616667866
487,199.9236165694959
488,199.9233846991909
489,199.923478973004
490,199.9230689958735
491,199.9237306766947
492,199.9235665969781
493,199.9236917822141
494,199.9239345519374
495,199.9239800372417
496,199.9240255146399
497,199.9238900119917
498,199.9237073779723
499,199.9235107100054
500,199.924260279567
501,199.9245548568153
502,199.9243332275313
503,199.9243487840338
504,199.9243097888601
505,199.9249574893472
506,199.9244997323108
507,199.9240713191261
508,199.9245328658406
509,199.9249051834482
510,199.924505229403
511,199.924700676771
512,199.9246193123149
513,199.9244425788701
514,199.9253381041706
515,199.9252258493229
516,199.9244818909924
517,199.9253052672779
518,199.9252050447897
519,199.9253081828363
520,199.9250137223476
521,199.9250789373181
522,199.9250982716381
523,199.9252623191157
524,199.925098076275
525,199.9256856882071
526,199.9251662322331
527,199.9257444260614
528,199.9254174642613
529,199.9249809085235
530,199.9250466620569
531,199.9251021194959
532,199.9247405256326
533,199.9254091791487
534,199.92489732407
535,199.9253235246946
536,199.9251722489191
537,199.9251476389422
538,199.9257157312311
539,199.9249890055938
540,199.9252005996529
541,199.9256185827043
542,199.9256780438519
543,199.9249353850919
544,199.9256601653674
545,199.9255939051468
546,199.9257098738255
547,199.9257248685468
548,199.9257176508974
549,199.926031020197
550,199.9261453572726
551,199.9263701341146
552,199.9263276487768
553,199.9262865480791
554,199.9264575128853
555,199.9263355599898
556,199.9267487900605
557,199.926883827329
558,199.9268082409058
559,199.9268440624109
560,199.9271272467552
561,199.9274983325341
562,199.9273652243884
563,199.9275362328326
564,199.9276900297534
565,199.9281600193662
566,199.9279011554074
567,199.9283945898017
568,199.9287715998044
569,199.9287747346486
570,199.9287899840588
571,199.9289479368277
572,199.9287229027574
573,199.9289376525457
574,199.9290301449508
575,199.9299686312823
576,199.9299004453998
577,199.9300708276004
578,199.930037541213
579,199.9301301511641
580,199.9308399055536
581,199.9305822318599
582,199.9310380640436
583,199.9310236221243
584,199.9302644843995
585,199.930829022205
586,199.9312614221401
587,199.9308497519942
588,199.9306772602424
589,199.9313708834547
590,199.9311860317103
591,199.9307565819548
592,199.9313663965514
593,199.9317385136046
594,199.930433573091
595,199.9310368489502
596,199.9317517796576
597,199.9312246635082
598,199.9310962789538
599,199.9308763068684
600,199.931461436009
601,199.9322794296518
602,199.9313608810106
603,199.9312221968001
604,199.9317602535062
605,199.9313876589308
606,199.9311278491903
607,199.9318527827731
608,199.9319435839315
609,199.9310928756977
610,199.9315970798965
611,199.9310902450421
612,199.930948319038
613,199.9321298426222
614,199.9310693426667
615,199.9312786429724
616,199.9315336515622
617,199.9316257544144
618,199.9314966379659
619,199.9315884184008
620,199.9309207024451
621,199.9318922697909
622,199.9319545376882
623,199.9317502027096
624,199.9316407161673
625,199.932203818152
626,199.931643470026
627,199.9319680720862
628,199.932574841551
629,199.9323727186838
630,199.9316496031591
631,199.9330599920389
632,199.9324649945751
633,199.9321505096204
634,199.9322979138957
635,199.9320887423565
636,199.9321984464552
637,199.9322055787574
638,199.9323778116091
639,199.9330704269616
640,199.9316517538275
641,199.9326026852595
642,199.9324236220507
643,199.9315106268002
644,199.9317539494651
645,199.9330903873371
646,199.9317058483666
647,199.9318983188177
648,199.9319582797298
649,199.9332769000387
650,199.9317680706719
651,199.9319939237875
652,199.9322406729359
653,199.9314720203097
654,199.9313537216366
655,199.9316620504028
656,199.930878620551
657,199.9316011443416
658,199.9323634392399
659,199.9310203272588
660,199.9312389703776
661,199.931317897651
662,199.9318794391675
663,199.932096745083
664,199.9318803598855
665,199.9317113076181
666,199.931851546337
667,199.932209912921
668,199.9315317855294
669,199.9312081795466
670,199.9306730110741
671,199.9312764570111
672,199.9314986367076
673,199.9313553626953
674,199.9305923966054
675,199.9306688966579
676,199.9313138082217
677,199.9312481935366
678,199.9312058901028
679,199.9306535493393
680,199.9301652854221
681,199.9302506725618
682,199.930865822771
683,199.9307626090802
684,199.9310042815131
685,199.9309660467625
686,199.9315577309054
687,199.9298546923798
688,199.9298317537126
689,199.929544786234
690,199.9300607629186
691,199.9305607883691
692,199.9315744858963
693,199.9317830835943
694,199.9310903279855
695,199.9310099837722
696,199.9309436380539
697,199.9305499671126
698,199.9310895559014
699,199.9308173877442
700,199.930481755487
701,199.9306284880662
702,199.9301475135277
703,199.9309399034736
704,199.9309642290773
705,199.9313472914491
706,199.9315341618415
707,199.9318867027663
708,199.9311479869891
709,199.9311996921464
710,199.9311727564437
711,199.9306421372338
712,199.930990895557
713,199.930829513977
714,199.9305916119619
715,199.9299881524437
716,199.93110341399
717,199.9308895108448
718,199.9312411974873
719,199.9309713689875
720,199.9303095059549
721,199.930837392748
722,199.93148780836
723,199.9311599784874
724,199.9314849052086
725,199.9313462753705
726,199.9314581191569
727,199.9305305490353
728,199.9309485917184
729,199.9307573880137
730,199.9320591955738
731,199.9310409247631
732,199.9311675044283
733,199.9318015284406
734,199.9314062153289
735,199.9313411258289
736,199.9305623215147
737,199.9303371742764
738,199.930258948443
739,199.9315721613702
740,199.9311538593021
741,199.9309486867963
742,199.9313276522937
743,199.9301736711565
744,199.9308645223895
745,199.9313757797239
746,199.9311897280453
747,199.9308434171011
748,199.9308155791916
749,199.9311121351826
750,199.9305456178158
751,199.9298306954818
752,199.9300613799926
753,199.9302701096112
754,199.9310165325947
755,199.9309131525995
756,199.9309595282618
757,199.9314610078667
758,199.9315780414676
759,199.9307497739866
760,199.9305128828795
761,199.9301898740717
762,199.9303149331788
763,199.930354721765
764,199.9304832388719
765,199.9307849089954
766,199.9316190886334
767,199.9318799957367
768,199.931912693559
769,199.9316240224173
770,199.9309358542197
771,199.9308591038771
772,199.9305174370682
773,199.9307063613647
774,199.930444587155
775,199.9307336294277
776,199.9305727152877
777,199.9309405035763
778,199.9318126553951
779,199.9305859720627
780,199.93106074091
781,199.9311732177432
782,199.9315438259364
783,199.9313401483595
784,199.9311271704416
785,199.9312235237847
786,199.9312582236611
787,199.9310571464127
788,199.929942353266
789,199.9307715297698
790,199.9323014271498
791,199.93143687956
792,199.9313321741754
793,199.9310570725144
794,199.9310672504428
795,199.9315798765391
796,199.9307589974196
797,199.9314161326963
798,199.9306908625963
799,199.9310280711572
800,199.9311272777463
801,199.9309157987408
802,199.93147689681
803,199.9307196937278
804,199.9314513868956
805,199.9310029896654
806,199.9315264808907
807,199.9312716122391
808,199.9307955965589
809,199.9309253690347
810,199.9305714497374
811,199.9308614420924
812,199.9305769856217
813,199.9312795782373
814,199.9310348205196
815,199.9309231295869
816,199.9303923950185
817,199.9309208571005
818,199.930514716736
819,199.9317769171383
820,199.931623502273
821,199.9310415914001
822,199.9308844778838
823,199.9315877369664
824,199.9307575513485
825,199.9313629442447
826,199.9304206434009
827,199.9311585160349
828,199.9314257246273
829,199.9316986868509
830,199.9321222198603
831,199.9310784827231
832,199.9311706493833
833,199.930994353163
834,199.9316284842085
835,199.9314244054748
836,199.9312049795247
837,199.9308206844828
838,199.9310266038563
839,199.9315733383582
840,199.9311312429737
841,199.9313984485894
842,199.9308045781457
843,199.931794676253
844,199.9320754146092
845,199.9315484149167
846,199.9311291392124
847,199.9307331033102
848,199.9305438166392
849,199.9314401675146
850,199.9310715068421
851,199.9310826857076
852,199.9313174793014
853,199.9305737832601
854,199.9313143170003
855,199.9319615349304
856,199.9308894367952
857,199.9311609103225
858,199.9320260822799
859,199.9319001383773
860,199.9310900906084
861,199.9308599211749
862,199.9309796406305
863,199.9306566544357
864,199.9312274287252
865,199.9311283802622
866,199.9309131454182
867,199.931830084018
868,199.9319480732355
869,199.931084318905
870,199.9311756460247
871,199.9323601359474
872,199.931496241736
873,199.9316699632808
874,199.9306163944727
875,199.9306113863167
876,199.9314457157151
877,199.9318731269366
878,199.9309890172088
879,199.9309723097331
880,199.9307458560796
881,199.9310889388871
882,199.9308517004664
883,199.9307619584478
884,199.9309858799193
885,199.9306672025117
886,199.9320633816063
887,199.9320453848145
888,199.9318300292995
889,199.931946250445
890,199.9319929933098
891,199.9304427753157
892,199.9299241325421
893,199.9305772126562
894,199.9310751581757
895,199.9307437523535
896,199.9315223981744
897,199.9309181579082
898,199.9312197114887
899,199.9311911074431
900,199.9313512281195
901,199.93084644174
902,199.9309899992912
903,199.931625577717
904,199.9313094707274
905,199.9301327397735
906,199.9306608479909
907,199.929894625477
908,199.930764236725
909,199.9299547253743
910,199.9305401204341
911,199.9312630787405
912,199.930627860708
913,199.9314782820325
914,199.9310416895466
915,199.9310147977846
916,199.9312989741873
917,199.9307155376802
918,199.9311111841996
919,199.9301630706735
920,199.9301712404114
921,199.929786095688
922,199.9312295252289
923,199.9306874251345
924,199.9310000531339
925,199.9311334012614
926,199.9315753308224
927,199.931662092677
928,199.9317672504691
929,199.9309706503091
930,199.9310928439139
931,199.9303129207185
932,199.930852090012
933,199.9315642491114
934,199.9297068400802
935,199.9294991741529
936,199.9288421804364
937,199.9302937435639
938,199.9307576559545
939,199.9311942768953
940,199.9306934708831
941,199.9302398585604
942,199.9310202482034
943,199.9305405717682
944,199.9302135352623
945,199.9303594348587
946,199.92969536407
947,199.9306805119932
948,199.9308323680582
949,199.9302549807575
950,199.9308923920046
951,199.9306963332027
952,199.9309091594023
953,199.9303710732335
954,199.9305528916558
955,199.9305842321627
956,199.9314332343408
957,199.9311747990027
958,199.9302683178094
959,199.9302162832843
960,199.9304101316028
961,199.9308559138036
962,199.9298452576888
963,199.930190824331
964,199.9305391796223
965,199.930859628292
966,199.9304973034847
967,199.9311290234755
968,199.9311123016809
969,199.9307190410274
970,199.9306356462978
971,199.9297432537191
972,199.9300103336743
973,199.9300216922786
974,199.9295398779622
975,199.930876553213
976,199.9313739933265
977,199.9316779350335
978,199.9315597618046
979,199.9308651160174
980,199.9302593861407
981,199.9304682917744
982,199.9309872295935
983,199.9302995956131
984,199.9292137770079
985,199.9305076459912
986,199.9304529699819
987,199.9303197830769
988,199.9313046872917
989,199.9308647847391
990,199.930752250015
991,199.9309054006773
992,199.9304884761721
993,199.9300162600563
994,199.9304549886813
995,199.9297086388115
996,199.930814967541
997,199.9306155513543
998,199.9295777176897
999,199.9300710573586
1000,199.9316175773027
1001,199.9309621590986
1002,199.930795161347
1003,199.9312954651551
1004,199.9304521435694
1005,199.931058313198
1006,199.9304476075357
1007,199.9297936847111
1008,199.9295874425084
1009,199.9305147590865
1010,199.9304200125405
1011,199.9311620060927
1012,199.9312324759391
1013,199.9301622611958
1014,199.9312444111979
1015,199.9316564929049
1016,199.9303225511872
1017,199.93070620831
1018,199.9301420711212
1019,199.9296678891644
1020,199.9302845765571
1021,199.9303769772093
1022,199.9307285668297
1023,199.9311149152335
1024,199.9317185620384
1025,199.9306159397135
1026,199.9305123640386
1027,199.9304967487079
1028,199.9304318843564
1029,199.9301261901818
1030,199.9304360963363
1031,199.9300503058477
1032,199.9306979943459
1033,199.9306908693987
1034,199.9306227108208
1035,199.9304211709127
1036,199.9308668760227
1037,199.9302354349836
1038,199.930526256149
1039,199.9312732629971
1040,199.9306198299719
1041,199.9312278854694
1042,199.9309993947493
1043,199.9304175888564
1044,199.9303201992734
1045,199.929865349231
1046,199.931047691689
1047,199.9310333393013
1048,199.9312358713328
1049,199.931188285303
1050,199.930699516469
1051,199.9304377516213
1052,199.9311148521341
1053,199.9305454058126
1054,199.9304316860472
1055,199.9305093946344
1056,199.9313120185061
1057,199.9302506018165
1058,199.9297990767841
1059,199.9308634145202
1060,199.9312649703501
1061,199.9305774196904
1062,199.9307973818691
1063,199.9302418840339
1064,199.9305648555261
1065,199.9312083144533
1066,199.9312630801514
1067,199.9317619865704
1068,199.929651510276
1069,199.9301411357329
1070,199.9297908967911
1071,199.9306370305247
1072,199.9308039188853
1073,199.9303897602165
1074,199.9297187252189
1075,199.9311046800218
1076,199.9310670382731
1077,199.9304773631774
1078,199.9312870119246
1079,199.9301298541316
1080,199.9300759735239
1081,199.9306406331206
1082,199.930065716453
1083,199.9316258090361
1084,199.9307435496116
1085,199.9311189905958
1086,199.9312425946678
1087,199.9302961679902
1088,199.9309142686078
1089,199.9306634830697
1090,199.93077167395
1091,199.9302381837193
1092,199.9298952775218
1093,199.9311387146747
1094,199.9311000670519
1095,199.9307260375388
1096,199.9309598118164
1097,199.9308405367684
1098,199.9308760223402
1099,199.9304035419423
1100,199.9295774616522
1101,199.9303330521606
1102,199.930092015434
1103,199.9311798076584
1104,199.9309823892634
1105,199.9303650662016
1106,199.930349497218
1107,199.931131364319
1108,199.9312952612681
1109,199.931008016082
1110,199.9315946366227
1111,199.9304010815183
1112,199.9298513779048
1113,199.930340013562
1114,199.9308441938069
1115,199.9308700160354
1116,199.931359149025
1117,199.9310687423371
1118,199.9315619024042
1119,199.9320046930851
1120,199.9304795827007
1121,199.9310482941796
1122,199.9308877574831
1123,199.9309631886557
1124,199.9304481221425
1125,199.9297810469528
1126,199.9312898129735
1127,199.9318732973904
1128,199.9311478670837
1129,199.9309449299281
1130,199.9313449270618
1131,199.9309452663813
1132,199.9312228436961
1133,199.9306118594613
1134,199.9302453228934
1135,199.929647957038
1136,199.9301367766958
1137,199.930646459056
1138,199.9305482226144
1139,199.9310519893874
1140,199.9315915524217
1141,199.930883539094
1142,199.9310162307084
1143,199.9303196239248
1144,199.9302579636199
1145,199.9311712936715
1146,199.9304066234394
1147,199.9312217209477
1148,199.9305228553988
1149,199.9301811747103
1150,199.9313717649081
1151,199.9316209914904
1152,199.9314026402093
1153,199.9313572487156
1154,199.9309307505816
1155,199.930299177796
1156,199.9302464807539
1157,199.9308901948666
1158,199.9305397739984
1159,199.9308589350518
1160,199.9304271935872
1161,199.9313691619236
1162,199.9311348966454
1163,199.9309058875913
1164,199.9309039010257
1165,199.9309647086052
1166,199.9312974257224
1167,199.9307050225474
1168,199.9301217636616
1169,199.9308795590194
1170,199.9301529275332
1171,199.9300787518704
1172,199.9317068807005
1173,199.9316881538828
1174,199.9317477939526
1175,199.9310551688856
1176,199.9301588523323
1177,199.9308242886212
1178,199.9308617071231
1179,199.9307880794325
1180,199.9315387034082
1181,199.9302876493633
1182,199.9305806518893
1183,199.9300222787996
1184,199.9310659820545
1185,199.9313433582887
1186,199.9310609672422
1187,199.9310377960448
1188,199.9305881830935
1189,199.9308342917365
1190,199.9309943521717
1191,199.9312575730343
1192,199.9316279237061
1193,199.9309061704934
1194,199.9304685817418
1195,199.9307634936278
1196,199.9311942029469
1197,199.9309375628781
1198,199.9308597533427
1199,199.9308996472299
1200,199.9308148005799
1201,199.9297479348163
1202,199.9307600321024
1203,199.9310084631338
1204,199.9309722261031
1205,199.9308247345008
1206,199.9307205845819
1207,199.9298523723664
1208,199.9309187621873
1209,199.9300691930473
1210,199.9307752251805
1211,199.9309984785694
1212,199.9312803688537
1213,199.9315526993101
1214,199.9307351974977
1215,199.9300656236316
1216,199.9306333606058
1217,199.9303702137603
1218,199.9305915500957
1219,199.930781888599
1220,199.9309227889286
1221,199.9308791806482
1222,199.9305919626474
1223,199.9306289653615
1224,199.930867093467
1225,199.9310344022633
1226,199.9309737437849
1227,199.9305759856943
1228,199.9300469403801
1229,199.930633056678
1230,199.9298832425031
1231,199.9306197751664
1232,199.9310722155655
1233,199.9309133521149
1234,199.9315746027899
1235,199.931124159563
1236,199.9302404207756
1237,199.9310156285374
1238,199.9312287364455
1239,199.930148444139
1240,199.9305103068045
1241,199.9297417993386
1242,199.9299106537779
1243,199.9305000120852
1244,199.9312391027087
1245,199.9314267063185
1246,199.9316000915896
1247,199.9312727780434
1248,199.931036430117
1249,199.9307566051374
1250,199.9312548089993
1251,199.9305410665052
1252,199.9311366312528
1253,199.9301806800594
1254,199.9310135150143
1255,199.9299615507864
1256,199.930941252664
1257,199.9310364128557
1258,199.9318570315928
1259,199.9305871394364
1260,199.9304394764312
1261,199.9305573638469
1262,199.9299521762475
1263,199.9307873554897
1264,199.9312811254329
1265,199.9303861593868
1266,199.9311980976634
1267,199.9310275848597
1268,199.9312309889084
1269,199.9305788295065
1270,199.9309383663365
1271,199.9305211394505
1272,199.9312885514543
1273,199.9305649446272
1274,199.9303491333216
1275,199.9298793535673
1276,199.9305899129454
1277,199.9313766269716
1278,199.9312841183998
1279,199.9307646394715
1280,199.9304285835945
1281,199.9304041260557
1282,199.9309698593349
1283,199.9307298953465
1284,199.9307034366863
1285,199.9302826470229
1286,199.930656233565
1287,199.9308073812655
1288,199.9298955647881
1289,199.9308340855225
1290,199.9317484266344
1291,199.9309489479348
1292,199.930955016279
1293,199.930868881656
1294,199.9313182737327
1295,199.9310990854712
1296,199.9306170091078
1297,199.9298388645361
1298,199.9306206554722
1299,199.9307272072794
1300,199.9305327483459
1301,199.9303866812118
1302,199.9310858330824
1303,199.9312954080421
1304,199.9309893841126
1305,199.9309934363226
1306,199.9310504435477
1307,199.9312822818786
1308,199.9306255896984
1309,199.9307937988691
1310,199.9301300543649
1311,199.9301591665553
1312,199.9311704669874
1313,199.9306970255606
1314,199.930627663361
1315,199.930252275468
1316,199.9311085564424
1317,199.931023868918
1318,199.9311156931008
1319,199.9305474255159
1320,199.9305107115345
1321,199.9294920857257
1322,199.9303867490919
1323,199.9311027004395
1324,199.9308551111838
1325,199.9311676363869
1326,199.9312481333067
1327,199.93088413998
1328,199.9306570477822
1329,199.9314708753098
1330,199.9296503718252
1331,199.9309670971623
1332,199.9309395081755
1333,199.9302754850174
1334,199.929835307457
1335,199.9306405569921
1336,199.9308813709836
1337,199.9312141961905
1338,199.9308082062122
1339,199.9308721097419
1340,199.9310771286261
1341,199.9308328092894
1342,199.9301488266685
1343,199.9298467421954
1344,199.9303308865198
1345,199.9308954388182
1346,199.9304039291207
1347,199.9314885293691
1348,199.9311446864106
1349,199.93049982986
1350,199.931268901054
1351,199.9311526680868
1352,199.9295149037495
1353,199.9300570855318
1354,199.9297363456689
1355,199.9304161959666
1356,199.9302686595851
1357,199.9309214428657
1358,199.930479056206
1359,199.9314090725593
1360,199.9312822157515
1361,199.9307397943235
1362,199.9307060311477
1363,199.9304399624856
1364,199.9298796630305
1365,199.9303186172847
1366,199.9299080332794
1367,199.9301329589079
1368,199.9307836004445
1369,199.9306921613425
1370,199.9306311040192
1371,199.9311259663669
1372,199.9306409042699
1373,199.9299676066749
1374,199.9299316907238
1375,199.9289014628322
1376,199.9295474511587
1377,199.9308850983348
1378,199.9297312264649
1379,199.9306254840461
1380,199.9310334584173
1381,199.9304466218908
1382,199.9305394235128
1383,199.9308499028552
1384,199.9293106731972
1385,199.930866941616
1386,199.9304891457318
1387,199.9303299965806
1388,199.9299015683476
1389,199.9302506770098
1390,199.9308935399024
1391,199.9310990220262
1392,199.9307386061515
1393,199.930498981114
1394,199.9307064615067
1395,199.9306992348635
1396,199.9306951233214
1397,199.9308741438553
1398,199.930662119416
1399,199.9304714529129
1400,199.9308166441238
1401,199.9307674038706
1402,199.9303108209925
1403,199.9311749369174
1404,199.930359575759
1405,199.9303556463084
1406,199.9303809870232
1407,199.9300326321214
1408,199.9307021500063
1409,199.9307573177493
1410,199.9312160262785
1411,199.9314018978077
1412,199.9308938493635
1413,199.9310361999659
1414,199.9309854168726
1415,199.9304682454118
1416,199.9304934109341
1417,199.9305554658964
1418,199.9305647554318
1419,199.9306926857842
1420,199.9315973148758
1421,199.9306653351075
1422,199.9311921474938
1423,199.9306761822342
1424,199.9316969407886
1425,199.9314609596036
1426,199.9314645646763
1427,199.9314365326993
1428,199.9309563886387
1429,199.9297648221371
1430,199.9314064230311
1431,199.9305603123093
1432,199.9311387987665
1433,199.9309727769736
1434,199.9308805711862
1435,199.9317060202864
1436,199.9313599767056
1437,199.9313133813219
1438,199.9315694908461
1439,199.9312746669992
1440,199.9309245304024
1441,199.9300972106633
1442,199.9307101653356
1443,199.9305731809698
1444,199.9307292327242
1445,199.9311707929389
1446,199.9306901929789
1447,199.9311002813186
1448,199.931726547737
1449,199.9302002072479
1450,199.9315914211279
1451,199.9316128027608
1452,199.9314259641901
1453,199.9309740277569
1454,199.9310146825827
1455,199.9301727903776
1456,199.9314269828986
1457,199.9312769790847
1458,199.9316081824495
1459,199.9309973447709
1460,199.9307068086393
1461,199.9306327481415
1462,199.9302994744751
1463,199.9310948040729
1464,199.9320380251106
1465,199.9309749982127
1466,199.9309541597156
1467,199.9300048411168
1468,199.931299374216
1469,199.931716608896
1470,199.9317287932835
1471,199.932042390699
1472,199.9314800921348
1473,199.931480569613
1474,199.9300858191189
1475,199.9305160457281
1476,199.9303027830634
1477,199.9314168799136
1478,199.9317342168775
1479,199.9307987442718
1480,199.9316041449148
1481,199.9314995505667
1482,199.9317476721716
1483,199.9319787952135
1484,199.9307371425084
1485,199.9308992299456
1486,199.9315016593165
1487,199.9304824617229
1488,199.9304957720855
1489,199.9305780906569
1490,199.930717391796
1491,199.9305175776608
1492,199.931156442054
1493,199.9308837843737
1494,199.9310683518074
1495,199.9308904394453
1496,199.9314774781033
1497,199.9311854627631
1498,199.9315373016682
1499,199.9313756996634
1500,199.9314313485631
1501,199.9311842743082
1502,199.9308211313103
1503,199.9304157714803
1504,199.9307964351918
1505,199.9309066106265
1506,199.9306864517777
1507,199.9311972558032
1508,199.9312212464805
1509,199.9311254959288
1510,199.9307954415943
1511,199.9315005401446
1512,199.9308987094538
1513,199.9310769722817
1514,199.9313313908395
1515,199.9302070806006
1516,199.930848626528
1517,199.9309267652149
1518,199.9306958680665
1519,199.9314632218167
1520,199.9316904375788
1521,199.9307901719845
1522,199.9302589872542
1523,199.9311689809324
1524,199.9308250311283
1525,199.9312835813969
1526,199.9320076260491
1527,199.9320119252847
1528,199.9321978352024
1529,199.9316955478463
1530,199.9315837860778
1531,199.9310038737537
1532,199.9304649311817
1533,199.9314442706683
1534,199.9306566043957
1535,199.930608516115
1536,199.9308684322087
1537,199.9311869259139
1538,199.930993097827
1539,199.9311988649622
1540,199.9315715645082
1541,199.9325293980684
