Iterations,continuity,x-velocity,y-velocity,z-velocity,k,omega
1,0.641004,0.00438046,0.00769341,0.00457831,0.426691,0.250602
2,0.617867,0.00283997,0.00483581,0.00322029,0.180938,0.203432
3,0.715677,0.00231842,0.00459152,0.00252815,0.112001,0.140398
4,0.852851,0.00251577,0.00536102,0.00270916,0.0913419,0.0917253
5,0.953792,0.00285082,0.0063224,0.00309483,0.0755674,0.0698814
6,1.05904,0.00303499,0.00697378,0.00316327,0.0591159,0.0462238
7,1.13589,0.00329089,0.00733373,0.00340735,0.0548137,0.0383147
8,1.18734,0.00360811,0.007533,0.00375019,0.0514116,0.034707
9,1.12221,0.00374684,0.00749709,0.00388205,0.0509963,0.0360327
10,1.11696,0.00386508,0.00749949,0.0039715,0.0508908,0.0359772
11,0.966924,0.00388071,0.00732627,0.00395938,0.0462554,0.0366884
12,0.89778,0.00392102,0.00707351,0.00394209,0.0431489,0.0337964
13,0.828347,0.00396613,0.00681633,0.00398594,0.0390622,0.0342491
14,0.762795,0.00395783,0.00656069,0.0039869,0.034214,0.0357704
15,0.701168,0.0039223,0.00633195,0.00395751,0.0334394,0.0335185
16,0.645551,0.00389602,0.00618968,0.00394219,0.0298054,0.0334129
17,0.598095,0.00387485,0.00607064,0.00391853,0.0304721,0.0329189
18,0.566298,0.00386758,0.00603859,0.00395485,0.0280882,0.0344654
19,0.552125,0.00391559,0.00607333,0.0040537,0.0297308,0.0318232
20,0.539586,0.00397391,0.00607075,0.0041503,0.0328452,0.0309758
21,0.523215,0.00406958,0.00602524,0.0042159,0.0326306,0.0294601
22,0.501106,0.00419838,0.00592702,0.00429437,0.0392555,0.0318999
23,0.47368,0.00432041,0.00584861,0.00438372,0.0486888,0.0332794
24,0.445952,0.00439664,0.00576582,0.00447719,0.0401188,0.0298398
25,0.417165,0.00447247,0.00570302,0.00456292,0.0329339,0.0273687
26,0.39283,0.0045428,0.00568688,0.00466601,0.0358983,0.0283092
27,0.370868,0.00461066,0.00570555,0.00474611,0.0339645,0.0280359
28,0.343361,0.00464334,0.00569377,0.00481713,0.0318518,0.0263797
29,0.318349,0.00466456,0.00563858,0.00486891,0.0313245,0.0254222
30,0.295645,0.00467744,0.00555277,0.00494186,0.0312048,0.0236243
31,0.275649,0.00473528,0.00549223,0.00502663,0.0337887,0.0261246
32,0.258849,0.00486607,0.00549606,0.00513057,0.0382701,0.0322118
33,0.237635,0.00504103,0.0055453,0.00524367,0.0358982,0.0264603
34,0.216488,0.00521494,0.00561872,0.00536466,0.0368441,0.0245397
35,0.195422,0.00534763,0.00569683,0.00546321,0.038559,0.0252421
36,0.178894,0.00546345,0.00577404,0.00554689,0.0338065,0.0252682
37,0.165929,0.00556765,0.00586036,0.00560353,0.03595,0.0272571
38,0.154871,0.00564248,0.00593588,0.00565952,0.0340807,0.023358
39,0.144596,0.00567358,0.0059867,0.00569172,0.0324938,0.0232109
40,0.134683,0.00565255,0.0060192,0.00573911,0.0332217,0.0243751
41,0.123026,0.00557273,0.00599747,0.00579132,0.0325803,0.0221615
42,0.110559,0.00547856,0.00593126,0.00580577,0.0295712,0.0194016
43,0.0997927,0.00538797,0.00588684,0.00579928,0.0329986,0.0206852
44,0.0899202,0.00534891,0.00589687,0.00581624,0.0318594,0.0195804
45,0.0820505,0.00534562,0.00591931,0.00588231,0.0307026,0.0169888
46,0.0749777,0.00540112,0.00599765,0.00597359,0.0287693,0.0151152
47,0.0686611,0.0054995,0.00607343,0.00605207,0.0280076,0.0148975
48,0.0634451,0.00561565,0.00618989,0.00615762,0.0269665,0.0155965
49,0.0584533,0.00574484,0.00633932,0.00626033,0.0255688,0.0140202
50,0.0539791,0.00588706,0.00648566,0.00642017,0.0260636,0.0143542
51,0.0503555,0.0060344,0.00661968,0.00651056,0.0234943,0.0134845
52,0.0474885,0.00617181,0.0067279,0.00655169,0.0218941,0.0121256
53,0.0447509,0.00624774,0.00678177,0.00656913,0.0205107,0.0113772
54,0.0422077,0.00624764,0.00679438,0.00654705,0.0187109,0.0100904
55,0.0397178,0.00620479,0.00672505,0.00649575,0.0181663,0.00945876
56,0.0368639,0.00610073,0.00657398,0.00638403,0.0169039,0.00817779
57,0.0338365,0.00589379,0.00633573,0.00612598,0.0139168,0.00894602
58,0.0308145,0.0056298,0.00603109,0.0058386,0.0129192,0.00864045
59,0.0279614,0.00533622,0.00565183,0.00549861,0.0118896,0.00785102
60,0.025506,0.00501153,0.00523793,0.00516776,0.0107589,0.00676976
61,0.0234209,0.00468066,0.00482119,0.00485879,0.0110866,0.00717281
62,0.021284,0.00434138,0.00442314,0.00459908,0.0133174,0.00818608
63,0.0194512,0.00401253,0.00407869,0.00432738,0.0150204,0.00851397
64,0.0179038,0.00370312,0.00378727,0.00403198,0.0118558,0.00798693
65,0.0165265,0.0034245,0.0035602,0.00371834,0.011144,0.00784457
66,0.0153697,0.00319459,0.00337193,0.00343082,0.0121728,0.00792136
67,0.0143426,0.00299982,0.00320825,0.0031953,0.0160124,0.00997137
68,0.0135079,0.00283744,0.00310868,0.00303141,0.0173411,0.0116611
69,0.0127202,0.00271322,0.00302576,0.00294544,0.0180666,0.0116628
70,0.0116296,0.00263661,0.00294211,0.00285075,0.0200322,0.0105014
71,0.0114986,0.00253153,0.00283607,0.00270848,0.0161075,0.0086459
72,0.010368,0.00240032,0.002736,0.00250846,0.0144416,0.00822417
73,0.0092228,0.0022423,0.00261394,0.00230358,0.0158157,0.00926438
74,0.00846899,0.0020837,0.00245465,0.00216381,0.019708,0.0104835
75,0.0078087,0.00193387,0.00228836,0.00208441,0.0213182,0.0109505
76,0.00723353,0.00178508,0.00211489,0.00199531,0.0191036,0.00931935
77,0.00676489,0.00165176,0.00195224,0.00183949,0.0129585,0.00690195
78,0.00641177,0.00154054,0.00181082,0.00169373,0.0109295,0.0061973
79,0.00606512,0.00143906,0.00168719,0.00157372,0.0162248,0.0075626
80,0.00564812,0.00136835,0.00156942,0.00146903,0.0175894,0.00804996
81,0.00521961,0.00131616,0.00146605,0.00141829,0.0151914,0.00813178
82,0.00504074,0.00126008,0.00140284,0.00141172,0.0165691,0.00931482
83,0.0047599,0.00119623,0.00134072,0.00138501,0.0169189,0.00824942
84,0.00464674,0.00111517,0.00127263,0.00130426,0.0153743,0.00837858
85,0.00457654,0.00101371,0.00118243,0.0012017,0.0198278,0.0111129
86,0.00427465,0.000936738,0.00111508,0.00115817,0.0133837,0.00887612
87,0.00402834,0.000908417,0.00107353,0.00108507,0.0184119,0.0108498
88,0.00376555,0.000890426,0.00104146,0.00103053,0.0192202,0.0108971
89,0.00352393,0.000869263,0.00101879,0.00101526,0.0176,0.00878181
90,0.00331974,0.000843001,0.000996404,0.000984851,0.0153935,0.00708014
91,0.00318568,0.000817083,0.000959421,0.000933359,0.0122271,0.00617294
92,0.00310295,0.000784159,0.000921838,0.000892499,0.0119677,0.00566573
93,0.0030545,0.000747692,0.000883917,0.000873573,0.0103616,0.00489892
94,0.00300173,0.000715205,0.00085059,0.00085935,0.00817082,0.00410573
95,0.00292373,0.000688135,0.000824217,0.000841374,0.00918045,0.00486204
96,0.00278145,0.000667764,0.00079919,0.000808598,0.00996211,0.00656908
97,0.00261113,0.000650053,0.000769833,0.000762455,0.0111227,0.00733041
98,0.00242078,0.000635279,0.00074797,0.000720709,0.0118925,0.00759622
99,0.00224006,0.0006328,0.000731106,0.000728256,0.0120578,0.00676534
100,0.00206988,0.000621125,0.000715266,0.000743692,0.0108976,0.00642142
101,0.00192729,0.000600495,0.000698481,0.000740427,0.0100932,0.00593029
102,0.00180555,0.000581472,0.000692559,0.000716769,0.00898617,0.00522407
103,0.0016866,0.000563047,0.000687374,0.000678427,0.00808968,0.00435775
104,0.00160947,0.000548692,0.00068099,0.000647453,0.00784225,0.00456781
105,0.00148495,0.000539012,0.000676763,0.000638588,0.00758229,0.00370054
106,0.00144995,0.000529815,0.000677362,0.000652454,0.0100895,0.00442848
107,0.00138176,0.000520569,0.000673519,0.000658016,0.0109933,0.00426667
108,0.00137387,0.000514338,0.000659762,0.000649069,0.0123373,0.00455148
109,0.00138846,0.000503569,0.000638638,0.000627417,0.0129283,0.00462035
110,0.00141035,0.000488011,0.000616634,0.00059854,0.0133065,0.00496645
111,0.00143032,0.000477275,0.000587811,0.0005648,0.0139406,0.00558241
112,0.00143684,0.000466754,0.00056168,0.000523883,0.0145777,0.00594595
113,0.00144374,0.000455747,0.000538441,0.000500375,0.015441,0.00658345
114,0.0014302,0.000441198,0.000520131,0.000500335,0.0164699,0.00720775
115,0.00140582,0.000416538,0.000507961,0.000496158,0.015613,0.00721197
116,0.00139934,0.000391344,0.000493354,0.000478936,0.0120268,0.00597766
117,0.00137677,0.000380143,0.000491268,0.000461389,0.0127213,0.00674682
118,0.00135014,0.000373138,0.000492027,0.000446544,0.0126908,0.00701083
119,0.00132272,0.000359676,0.000477029,0.000421545,0.011198,0.00628496
120,0.00130783,0.000342689,0.000451323,0.000402219,0.00908078,0.00479213
121,0.00130124,0.00032655,0.000428772,0.000392643,0.00727019,0.00389318
122,0.00129872,0.000314466,0.000412355,0.000389099,0.00640378,0.00327139
123,0.00129185,0.000307361,0.000397398,0.000391822,0.00586166,0.00305025
124,0.00127052,0.000300064,0.00038518,0.000390455,0.00483674,0.00287065
125,0.00123341,0.000291291,0.000374599,0.000377139,0.00580108,0.00335452
126,0.00118476,0.000283646,0.000363303,0.00035696,0.00644042,0.00392742
127,0.00113859,0.000282665,0.000352838,0.000337991,0.00716777,0.00396684
128,0.00108753,0.000284419,0.000346005,0.000333581,0.00711937,0.00358518
129,0.00101983,0.000292614,0.000344248,0.000357676,0.0069066,0.00355969
130,0.000994856,0.000289579,0.000337237,0.000365184,0.00645308,0.00292648
131,0.000937845,0.000285749,0.00032812,0.000359933,0.00591998,0.00266471
132,0.000930407,0.000273026,0.000314618,0.000339844,0.011657,0.00449189
133,0.000892889,0.000260112,0.000300446,0.000314758,0.00886548,0.00435319
134,0.000871227,0.000248797,0.000287319,0.000292788,0.00854388,0.00313551
135,0.00085441,0.000236703,0.000279566,0.000278443,0.00799937,0.00328296
136,0.000839228,0.00022398,0.000273301,0.000273182,0.00681335,0.00319273
137,0.000838169,0.000214886,0.000264945,0.000265667,0.00600139,0.00251954
138,0.000830612,0.000209197,0.000253876,0.000256019,0.00543141,0.00256912
139,0.000820225,0.000204632,0.000244391,0.00024361,0.00531295,0.00260433
140,0.000798264,0.000200023,0.000238974,0.00022864,0.00565798,0.0026292
141,0.000770593,0.000199343,0.000233526,0.000216148,0.00630088,0.00318454
142,0.000733715,0.000201653,0.000227937,0.000222108,0.00628717,0.00363415
143,0.000692495,0.000200185,0.000221457,0.000230797,0.00635861,0.00353857
144,0.000654352,0.000196668,0.000213298,0.000229258,0.00629019,0.00319099
145,0.000611916,0.000193646,0.000205546,0.000222848,0.00712682,0.00349543
146,0.000600587,0.000189965,0.000200668,0.000211342,0.00658512,0.00338794
147,0.000574392,0.00018794,0.000198605,0.000201441,0.00608585,0.00305407
148,0.000547465,0.00018407,0.000195635,0.000194642,0.0057312,0.00246049
149,0.000524455,0.000178895,0.000191864,0.000190374,0.00590781,0.00251219
150,0.000502012,0.000173083,0.000186388,0.000186441,0.00616812,0.00270754
151,0.000489685,0.000168802,0.000181637,0.000181956,0.00623844,0.00266942
152,0.000473119,0.00016594,0.000177583,0.000177386,0.00597678,0.0024427
153,0.000459932,0.000164358,0.000173905,0.000174175,0.00527475,0.00218367
154,0.000449005,0.000163668,0.000169697,0.000172319,0.00458063,0.00197231
155,0.000439696,0.000163751,0.00016683,0.000171152,0.00448247,0.00196363
156,0.000432001,0.000163424,0.000164621,0.000171206,0.00458169,0.00207784
157,0.000426174,0.00016268,0.000162769,0.0001707,0.00438276,0.00204369
158,0.000422267,0.000160152,0.000160736,0.000167205,0.00436744,0.00197904
159,0.000408276,0.000158626,0.000159288,0.000162605,0.0052034,0.00213169
160,0.000407119,0.000155093,0.000157763,0.000156362,0.00506686,0.0022256
161,0.000407215,0.000152192,0.000156689,0.000151656,0.0049368,0.00198885
162,0.00041748,0.000148758,0.00015557,0.000147845,0.00420354,0.00174103
163,0.000414999,0.000144885,0.000154504,0.00014465,0.00385522,0.00166104
164,0.000421105,0.00014315,0.000152824,0.000142871,0.00427632,0.00180298
165,0.000423081,0.000141949,0.000151477,0.000141518,0.0043829,0.00193561
166,0.000426404,0.000140893,0.000149729,0.000140187,0.00437952,0.00198876
167,0.000430749,0.000139081,0.000147422,0.00013892,0.0044342,0.00214728
168,0.000423118,0.000137443,0.000144828,0.000138539,0.0038097,0.0019484
169,0.000425479,0.00013423,0.000142911,0.000136442,0.003849,0.00197588
170,0.000428211,0.000131479,0.000141236,0.000135298,0.00424212,0.00194272
171,0.000444721,0.000128724,0.000140079,0.000132782,0.00721845,0.00282046
172,0.000444678,0.000127766,0.000139373,0.000132668,0.00410038,0.00173184
173,0.000445779,0.000126817,0.00013887,0.000132076,0.00460634,0.00212589
174,0.000457981,0.000125911,0.000138697,0.000130734,0.00567657,0.00277335
175,0.000451625,0.000125619,0.000137486,0.000130145,0.00357768,0.00168545
176,0.000482769,0.000123859,0.00013591,0.000128833,0.0061685,0.0025749
177,0.000469177,0.00012221,0.000135202,0.000128294,0.00321032,0.00168929
178,0.000482031,0.000120002,0.000132895,0.000126338,0.00596692,0.00269973
179,0.000490527,0.000117731,0.000131507,0.000125806,0.0049962,0.00203949
180,0.000484413,0.000114618,0.00012838,0.000123875,0.00311777,0.00145495
181,0.000480074,0.000112288,0.000124739,0.000122103,0.00456896,0.0019119
182,0.000480065,0.000109437,0.00012213,0.0001193,0.00383812,0.00163254
183,0.000478105,0.000106711,0.000120431,0.000116915,0.00462254,0.00198746
184,0.000480888,0.000106602,0.000118873,0.000117213,0.00494248,0.00240498
185,0.000484257,0.00010334,0.000117283,0.000114309,0.00594683,0.00245446
186,0.000480589,0.00010186,0.000117017,0.000112951,0.00459581,0.00188114
187,0.000482503,0.000101757,0.000117102,0.000114302,0.0041282,0.00185665
188,0.000473197,0.000102616,0.000117155,0.000117781,0.00451403,0.0022324
189,0.000466475,0.000101967,0.000116732,0.000120417,0.00452698,0.00251506
190,0.000457788,9.98107e-05,0.000115258,0.000121425,0.00430798,0.00251618
191,0.00045913,9.71991e-05,0.000114488,0.000120566,0.00406585,0.0022407
192,0.00043251,9.65741e-05,0.000113944,0.000118378,0.00654947,0.00250098
193,0.000433342,9.27034e-05,0.000112782,0.000111141,0.00388589,0.00171151
194,0.000412452,9.1764e-05,0.000112508,0.000108471,0.00745244,0.00254535
195,0.000413644,8.92867e-05,0.000110693,0.000107032,0.00438096,0.00194348
196,0.000409939,8.80993e-05,0.000109704,0.000103502,0.00500062,0.00279676
197,0.000395428,8.70327e-05,0.000106344,9.78607e-05,0.00639416,0.00401689
198,0.000387603,8.61578e-05,0.000102858,9.70331e-05,0.00407929,0.00256354
199,0.000379077,8.45201e-05,9.94663e-05,0.000100356,0.00610977,0.00296973
200,0.000366885,8.14556e-05,9.68643e-05,0.000102629,0.00668608,0.00280576
201,0.000362894,8.00834e-05,9.45758e-05,0.000103545,0.00663232,0.00341994
202,0.000353193,7.86864e-05,9.28529e-05,9.93374e-05,0.0143226,0.00624758
203,0.000346715,7.85029e-05,9.33329e-05,9.73732e-05,0.0163172,0.00784528
204,0.000356578,8.09851e-05,9.69945e-05,0.000102835,0.0139876,0.00636778
205,0.000360425,8.18978e-05,9.94779e-05,0.000102538,0.0115933,0.00573851
206,0.000351641,8.07801e-05,9.92382e-05,9.79276e-05,0.010321,0.00532184
207,0.000356766,7.88321e-05,9.72746e-05,9.41648e-05,0.00860578,0.00414323
208,0.000346494,7.77497e-05,9.32142e-05,9.71912e-05,0.01224,0.00495692
209,0.000338008,8.01679e-05,9.18647e-05,0.000108477,0.0236397,0.0128435
210,0.000327876,7.63369e-05,8.85271e-05,0.000117773,0.00708514,0.00665754
211,0.000321694,7.29577e-05,8.37081e-05,0.000105831,0.0122141,0.00697893
212,0.000314287,7.14985e-05,8.38136e-05,9.84407e-05,0.0129799,0.0048375
213,0.000307289,7.69153e-05,8.97199e-05,0.000105195,0.0144266,0.00718975
214,0.000311369,7.78652e-05,9.37371e-05,9.95707e-05,0.00848443,0.00509502
215,0.000315517,7.42021e-05,9.29051e-05,9.57842e-05,0.00828528,0.00485754
216,0.000317467,7.04645e-05,8.91068e-05,8.98379e-05,0.00755565,0.00501187
217,0.000305035,6.8773e-05,8.29789e-05,9.04267e-05,0.0118614,0.0050765
218,0.000309169,6.68929e-05,8.30537e-05,9.56113e-05,0.0162932,0.00565822
219,0.000298353,7.1183e-05,8.35376e-05,0.00011328,0.0208836,0.0097473
220,0.000301174,6.99078e-05,8.10011e-05,0.000120408,0.0200155,0.0104511
221,0.000289247,6.33691e-05,8.17807e-05,0.000106368,0.0148567,0.00875803
222,0.000288055,6.30435e-05,7.99022e-05,9.4216e-05,0.0123647,0.00593469
223,0.000286365,6.6948e-05,7.92146e-05,0.000100971,0.0095242,0.00529809
224,0.000280902,7.05247e-05,8.48177e-05,0.000113617,0.0114978,0.00604961
225,0.000278956,7.1977e-05,8.85239e-05,0.000112495,0.00908416,0.00556944
226,0.000281693,7.19941e-05,8.67055e-05,0.000101075,0.00927975,0.00580011
227,0.00027636,6.86618e-05,8.08218e-05,9.16279e-05,0.0100786,0.00502261
228,0.000267782,6.30495e-05,7.66611e-05,8.39895e-05,0.0130236,0.00858165
229,0.000261851,5.8013e-05,7.36977e-05,8.39739e-05,0.0146868,0.0104413
230,0.000261855,5.67016e-05,7.22562e-05,8.93894e-05,0.0145768,0.00988137
231,0.000243745,5.80451e-05,6.75437e-05,9.59009e-05,0.0104637,0.00673903
232,0.000242016,5.69611e-05,6.42353e-05,9.11373e-05,0.00820027,0.00410416
233,0.000247149,5.44389e-05,6.23023e-05,8.0775e-05,0.00764893,0.00351356
234,0.00024354,5.35972e-05,6.17269e-05,7.77188e-05,0.00709249,0.0032131
235,0.000241924,5.74077e-05,6.4583e-05,8.34567e-05,0.00604772,0.00294158
236,0.000245054,5.96093e-05,6.63753e-05,8.55493e-05,0.00602263,0.00317311
237,0.000247595,5.92883e-05,6.66704e-05,8.2226e-05,0.00556907,0.00291647
238,0.000254291,5.7265e-05,6.4022e-05,7.89353e-05,0.004971,0.00245787
239,0.000257776,5.46277e-05,6.06047e-05,7.52904e-05,0.00523511,0.00264353
240,0.000256647,5.15335e-05,5.71832e-05,7.36607e-05,0.00486365,0.00254174
241,0.000260173,4.95142e-05,5.55657e-05,7.51185e-05,0.0055952,0.00249184
242,0.000246152,4.81901e-05,5.43699e-05,7.6284e-05,0.00500702,0.00253201
243,0.000238014,4.58207e-05,5.25858e-05,7.04297e-05,0.00537848,0.0023102
244,0.000226301,4.40545e-05,4.98832e-05,6.54754e-05,0.00612701,0.00377141
245,0.000219673,4.3498e-05,4.90128e-05,6.99823e-05,0.00787799,0.00479205
246,0.00021017,4.39383e-05,5.05667e-05,7.66464e-05,0.00645496,0.00403887
247,0.000201195,4.353e-05,5.23031e-05,7.47139e-05,0.00625355,0.00390034
248,0.000195491,4.24312e-05,5.07776e-05,6.66326e-05,0.00662278,0.00335145
249,0.000192219,3.99772e-05,4.76733e-05,6.25332e-05,0.00565091,0.00319948
250,0.000190388,4.03157e-05,4.71396e-05,6.53988e-05,0.00736094,0.00313039
251,0.000189349,4.07124e-05,4.61986e-05,6.98965e-05,0.00519892,0.00256547
252,0.000192364,3.98825e-05,4.62352e-05,6.3898e-05,0.00521788,0.00219208
253,0.00019142,3.84177e-05,4.54111e-05,5.72195e-05,0.00553826,0.00222729
254,0.000184873,3.94449e-05,4.37457e-05,5.98331e-05,0.00698273,0.00334054
255,0.000193005,4.23859e-05,4.576e-05,6.65082e-05,0.00731005,0.00339913
256,0.000192191,4.35944e-05,4.66745e-05,6.68877e-05,0.0074604,0.00350291
257,0.000189141,4.36723e-05,4.9197e-05,6.27936e-05,0.00561433,0.00272977
258,0.000183223,4.21399e-05,4.90245e-05,5.86819e-05,0.00772396,0.00322772
259,0.000176157,3.86903e-05,4.50924e-05,5.47804e-05,0.005706,0.00234653
260,0.000179156,3.80912e-05,4.44451e-05,5.97361e-05,0.00778225,0.0025215
261,0.000170259,3.99788e-05,4.62219e-05,6.66897e-05,0.00673096,0.00325691
262,0.000167143,3.86359e-05,4.27844e-05,6.63236e-05,0.00579625,0.00227106
263,0.000170851,3.80448e-05,4.12595e-05,6.06486e-05,0.00757479,0.00271839
264,0.000169999,3.70107e-05,3.91735e-05,6.138e-05,0.00801202,0.00342083
265,0.000170775,3.94882e-05,4.16924e-05,6.61312e-05,0.0070676,0.00331791
266,0.000176292,4.07751e-05,4.42749e-05,6.5967e-05,0.00765611,0.00373123
267,0.000174569,4.11635e-05,4.62728e-05,6.06518e-05,0.00485505,0.00304911
268,0.000168688,4.00344e-05,4.49415e-05,5.9672e-05,0.006012,0.00322614
269,0.000161193,3.69009e-05,4.17607e-05,5.58662e-05,0.00673796,0.00331811
270,0.000154396,3.44635e-05,3.96573e-05,5.23408e-05,0.00596243,0.00303546
271,0.000150288,3.45996e-05,4.00295e-05,5.62973e-05,0.00409073,0.00225851
272,0.000157375,3.39476e-05,4.06678e-05,5.50494e-05,0.00431698,0.00258048
273,0.000153888,3.21521e-05,4.00128e-05,4.86333e-05,0.00461959,0.00216464
274,0.000151394,3.12425e-05,3.66414e-05,4.49771e-05,0.00429095,0.00237413
275,0.000146097,3.13474e-05,3.4e-05,4.53511e-05,0.00659738,0.00294745
276,0.000140013,3.16818e-05,3.46318e-05,5.1055e-05,0.00506805,0.0022046
277,0.000145014,3.25572e-05,3.64918e-05,5.33247e-05,0.00282776,0.00192348
278,0.000138583,3.36503e-05,3.7937e-05,5.02428e-05,0.00494239,0.0023746
279,0.00013522,3.26498e-05,3.69414e-05,4.48625e-05,0.00746796,0.0029594
280,0.000132431,3.08629e-05,3.6604e-05,4.2789e-05,0.00689922,0.00267382
281,0.000133184,3.16365e-05,3.7679e-05,5.37107e-05,0.00708291,0.00289698
282,0.000140098,3.34364e-05,3.71418e-05,5.73604e-05,0.00572126,0.00247616
283,0.000135937,3.43504e-05,3.7267e-05,5.03284e-05,0.00880006,0.00317711
284,0.0001379,3.33728e-05,3.75447e-05,4.64147e-05,0.0106362,0.00403354
285,0.000139626,3.34693e-05,3.68607e-05,5.13363e-05,0.0068787,0.00332517
286,0.000136298,3.31579e-05,3.67462e-05,5.27524e-05,0.00576145,0.00321312
287,0.000134309,3.27519e-05,3.6797e-05,4.93542e-05,0.00651035,0.00320804
288,0.000130209,3.11248e-05,3.59341e-05,4.59326e-05,0.0081382,0.00336489
289,0.000124362,2.90762e-05,3.43766e-05,4.56589e-05,0.00748745,0.00334681
290,0.000119683,3.01165e-05,3.34995e-05,4.90114e-05,0.00790353,0.00300245
291,0.000115015,2.92156e-05,3.21204e-05,4.88221e-05,0.0051099,0.00227344
292,0.000111518,2.846e-05,3.23076e-05,3.94902e-05,0.0086273,0.00313806
293,0.000109714,2.82649e-05,3.01328e-05,3.72827e-05,0.00760305,0.00296998
294,0.000108579,2.91727e-05,2.97924e-05,4.1389e-05,0.00386017,0.00256741
295,0.000106917,2.99005e-05,3.15559e-05,4.49603e-05,0.0047409,0.00218237
296,0.000105585,3.02414e-05,3.2196e-05,4.27413e-05,0.00448187,0.00244521
297,0.000103106,2.94095e-05,3.18704e-05,3.99837e-05,0.00403537,0.00240593
298,0.000100641,2.81654e-05,3.21708e-05,3.98102e-05,0.00370759,0.00225474
299,9.61881e-05,2.80287e-05,3.17205e-05,3.97927e-05,0.00382994,0.00184711
300,9.81109e-05,2.8461e-05,3.26637e-05,3.80016e-05,0.00469047,0.00228474
301,9.64662e-05,2.95558e-05,3.28848e-05,3.61854e-05,0.00559102,0.00258378
302,9.92603e-05,3.08683e-05,3.32094e-05,3.57093e-05,0.00676714,0.00285307
303,0.000100458,3.2317e-05,3.41702e-05,4.01249e-05,0.00744049,0.00260053
304,0.000100595,3.29368e-05,3.69077e-05,4.72265e-05,0.00552245,0.00287441
305,0.000105179,3.27488e-05,3.68619e-05,4.90501e-05,0.0050048,0.00291879
306,0.000105558,3.1614e-05,3.63188e-05,4.30721e-05,0.00999137,0.00329271
307,0.000108081,3.12197e-05,3.83205e-05,4.13078e-05,0.0158232,0.00602076
308,0.000108491,3.37035e-05,3.79566e-05,5.37361e-05,0.00940515,0.00389748
309,0.000109917,3.51346e-05,3.44213e-05,5.18772e-05,0.00767192,0.0029049
310,0.000110625,3.24599e-05,3.35445e-05,4.53228e-05,0.00955569,0.00325541
311,0.000112985,3.07248e-05,3.37536e-05,4.20294e-05,0.0104996,0.0037154
312,0.000115063,2.9745e-05,3.35319e-05,4.06917e-05,0.00671747,0.0032208
313,0.000114513,2.87873e-05,3.38799e-05,4.00585e-05,0.00594897,0.00305818
314,0.000114802,2.79759e-05,3.32161e-05,3.88907e-05,0.00562567,0.00266826
315,0.000113624,2.69111e-05,3.27147e-05,3.92301e-05,0.00524383,0.00260782
316,0.000111323,2.6478e-05,3.34736e-05,3.9524e-05,0.00668893,0.00325213
317,0.000109293,2.7344e-05,3.22852e-05,3.86025e-05,0.00792994,0.00335342
318,0.000114202,2.71443e-05,2.87973e-05,3.88667e-05,0.00647922,0.00279759
319,0.000108265,2.68601e-05,2.69676e-05,3.86134e-05,0.0057883,0.00216182
320,0.00010415,2.64366e-05,2.74143e-05,3.46891e-05,0.00699074,0.00293862
321,0.000100266,2.54507e-05,2.71955e-05,3.32906e-05,0.00754994,0.00317247
322,9.66772e-05,2.62491e-05,2.73974e-05,3.58275e-05,0.00582186,0.00220988
323,9.17271e-05,2.56994e-05,2.83615e-05,3.75889e-05,0.00724613,0.00283675
324,9.51409e-05,2.56978e-05,2.84689e-05,3.93831e-05,0.00541217,0.00239246
325,8.36283e-05,2.57957e-05,2.74765e-05,3.81162e-05,0.00548992,0.00225027
326,8.13605e-05,2.48986e-05,2.65183e-05,3.57976e-05,0.00473076,0.00217757
327,7.69663e-05,2.52126e-05,2.67897e-05,3.61936e-05,0.00445472,0.0020831
328,7.65939e-05,2.52972e-05,2.71011e-05,3.68778e-05,0.00474033,0.00189363
329,7.61078e-05,2.5414e-05,2.66623e-05,3.54476e-05,0.00567734,0.00267458
330,7.49875e-05,2.5485e-05,2.60842e-05,3.43333e-05,0.00634469,0.00296565
331,7.51676e-05,2.51091e-05,2.81123e-05,3.60737e-05,0.00748027,0.00298747
332,7.49876e-05,2.54816e-05,2.95574e-05,3.63396e-05,0.0118871,0.00435505
333,7.51579e-05,2.55541e-05,3.04774e-05,3.66669e-05,0.00822009,0.00394191
334,7.6959e-05,2.57217e-05,2.75925e-05,3.79924e-05,0.00578799,0.00275116
335,7.8073e-05,2.49856e-05,2.49744e-05,3.6411e-05,0.00928085,0.00343143
336,7.89323e-05,2.46298e-05,2.45587e-05,3.62674e-05,0.00986509,0.00419341
337,7.81426e-05,2.41636e-05,2.54448e-05,3.6741e-05,0.0080619,0.00327236
338,8.0656e-05,2.49056e-05,2.54935e-05,3.67821e-05,0.00816181,0.00379985
339,8.02779e-05,2.36095e-05,2.75663e-05,3.64961e-05,0.00722001,0.00400695
340,7.95674e-05,2.26448e-05,2.57313e-05,3.77131e-05,0.00882884,0.00408303
341,8.01227e-05,2.35618e-05,2.41269e-05,3.62185e-05,0.00971923,0.00394296
342,8.05443e-05,2.2658e-05,2.31609e-05,3.41315e-05,0.00707561,0.00294502
343,7.92127e-05,2.13852e-05,2.22186e-05,3.5769e-05,0.00473148,0.00198884
344,7.65651e-05,2.10039e-05,2.178e-05,3.19877e-05,0.00725279,0.00310185
345,7.64005e-05,2.0978e-05,2.21116e-05,2.80342e-05,0.00908721,0.00377874
346,7.40824e-05,2.09533e-05,2.14703e-05,3.17351e-05,0.00757173,0.00337695
347,7.11622e-05,2.06862e-05,2.30393e-05,3.73148e-05,0.00514516,0.00275745
348,6.5927e-05,2.18566e-05,2.47217e-05,3.86917e-05,0.00499917,0.00252612
349,6.3166e-05,2.27909e-05,2.29467e-05,3.49469e-05,0.00399651,0.00245333
350,5.9491e-05,2.03708e-05,2.12154e-05,2.84377e-05,0.0100741,0.00349324
351,5.72879e-05,2.21037e-05,2.42791e-05,3.21448e-05,0.0137829,0.00511934
352,5.37593e-05,2.35945e-05,2.57945e-05,4.08344e-05,0.009402,0.00435953
353,5.48331e-05,2.31954e-05,2.44999e-05,4.07147e-05,0.00883076,0.00339801
354,5.61811e-05,2.43336e-05,2.49739e-05,3.7968e-05,0.0110511,0.00458363
355,5.52114e-05,2.5158e-05,2.50098e-05,3.64638e-05,0.0102217,0.00459409
356,5.41277e-05,2.27384e-05,2.56354e-05,3.20187e-05,0.00853015,0.00451148
357,5.77084e-05,2.22636e-05,2.45669e-05,3.25846e-05,0.00799429,0.00352442
358,5.78129e-05,2.36349e-05,2.43094e-05,4.10032e-05,0.00647616,0.00327483
359,5.9786e-05,2.38445e-05,2.49882e-05,4.26478e-05,0.00606017,0.00281213
360,5.97725e-05,2.24634e-05,2.3689e-05,3.68126e-05,0.00441768,0.00239165
361,6.22519e-05,2.00774e-05,2.20933e-05,3.09629e-05,0.00435507,0.0029126
362,6.05556e-05,1.91936e-05,2.04085e-05,2.92006e-05,0.0081772,0.00285723
363,6.11864e-05,1.94127e-05,2.19967e-05,3.01946e-05,0.00828729,0.00351682
364,6.22241e-05,1.99313e-05,2.19045e-05,3.28188e-05,0.00669134,0.00326054
365,6.2636e-05,2.02021e-05,2.0725e-05,3.33125e-05,0.00675628,0.0025521
366,6.105e-05,2.14743e-05,2.10693e-05,3.24898e-05,0.00979922,0.00407411
367,5.78757e-05,2.03844e-05,2.07649e-05,2.9861e-05,0.00771881,0.00403019
368,5.49788e-05,2.04646e-05,2.01684e-05,2.81728e-05,0.00694677,0.00360137
369,5.38297e-05,2.02768e-05,2.08569e-05,2.9469e-05,0.00514767,0.00313405
370,5.4237e-05,1.87744e-05,2.04664e-05,3.12768e-05,0.00528671,0.00343303
371,5.29228e-05,1.768e-05,1.92944e-05,3.05521e-05,0.00373175,0.00249475
372,5.57077e-05,1.75415e-05,1.85766e-05,2.69034e-05,0.00396684,0.00219081
373,5.73562e-05,1.79918e-05,1.88616e-05,2.6803e-05,0.00534269,0.00232343
374,5.88123e-05,1.79637e-05,1.82826e-05,2.77012e-05,0.00518534,0.00234958
375,5.85294e-05,1.74486e-05,1.84026e-05,2.71406e-05,0.0075867,0.00278596
376,6.1241e-05,1.59726e-05,1.89801e-05,2.78563e-05,0.00544389,0.00296871
377,6.3624e-05,1.63648e-05,1.84302e-05,2.63247e-05,0.00524661,0.00226215
378,6.38098e-05,1.68083e-05,1.73196e-05,2.51707e-05,0.00757107,0.00326038
379,6.71734e-05,1.66232e-05,1.63179e-05,2.57324e-05,0.00557749,0.00269766
380,6.20213e-05,1.59208e-05,1.61632e-05,2.5577e-05,0.00305903,0.00266623
381,5.83587e-05,1.5644e-05,1.60242e-05,2.58633e-05,0.00362181,0.00262369
382,5.35831e-05,1.4896e-05,1.47601e-05,2.4072e-05,0.0049752,0.00282242
383,5.51414e-05,1.41192e-05,1.43613e-05,2.02883e-05,0.00686954,0.00262155
384,4.87436e-05,1.45879e-05,1.68097e-05,1.97384e-05,0.00722609,0.00335683
385,4.55787e-05,1.53978e-05,1.6699e-05,2.38038e-05,0.00438447,0.00209578
386,4.56967e-05,1.48416e-05,1.52404e-05,2.33815e-05,0.00446175,0.00185653
387,4.51257e-05,1.45618e-05,1.53213e-05,2.24246e-05,0.00860701,0.00360599
388,5.0498e-05,1.56995e-05,1.5081e-05,2.35879e-05,0.00764274,0.00344069
389,4.69921e-05,1.65702e-05,1.63743e-05,2.63737e-05,0.00454962,0.00372742
390,4.65596e-05,1.6884e-05,1.72091e-05,2.93377e-05,0.0047286,0.00258632
391,4.46085e-05,1.56194e-05,1.55045e-05,2.75269e-05,0.00523833,0.00299343
392,4.43021e-05,1.36981e-05,1.45083e-05,1.98176e-05,0.00458917,0.00255581
393,4.44798e-05,1.30396e-05,1.36084e-05,1.95216e-05,0.00467889,0.00233048
394,4.89538e-05,1.38422e-05,1.38218e-05,2.02922e-05,0.00396839,0.00220539
395,4.30517e-05,1.34612e-05,1.33342e-05,2.12984e-05,0.00368344,0.00228558
396,3.93555e-05,1.29176e-05,1.36031e-05,2.14342e-05,0.00371965,0.00258409
397,3.62381e-05,1.29256e-05,1.36836e-05,2.12776e-05,0.00302101,0.00231289
398,3.42212e-05,1.28855e-05,1.33977e-05,2.17496e-05,0.0030632,0.00218134
399,4.00135e-05,1.23056e-05,1.30212e-05,2.04039e-05,0.00392911,0.00223132
400,3.70376e-05,1.16338e-05,1.24511e-05,1.88151e-05,0.00468492,0.00227714
401,3.45516e-05,1.23904e-05,1.31336e-05,1.74804e-05,0.00572601,0.0026965
402,3.34845e-05,1.28141e-05,1.35559e-05,1.86325e-05,0.00413947,0.00220407
403,3.26048e-05,1.2115e-05,1.24391e-05,2.0072e-05,0.00339658,0.00147616
404,3.19806e-05,1.24977e-05,1.20238e-05,1.89837e-05,0.00614707,0.00263445
405,3.20091e-05,1.25793e-05,1.25957e-05,2.00124e-05,0.00537612,0.00265581
406,3.80652e-05,1.33145e-05,1.37852e-05,2.41438e-05,0.00389475,0.0026548
407,3.46361e-05,1.39251e-05,1.31511e-05,2.5091e-05,0.00378704,0.00220628
408,3.22318e-05,1.26454e-05,1.15837e-05,2.01539e-05,0.00446501,0.00209584
409,3.15577e-05,1.17697e-05,1.19462e-05,1.65242e-05,0.00423165,0.0018268
410,3.14872e-05,1.29841e-05,1.39377e-05,2.0608e-05,0.0040468,0.00218918
411,3.20194e-05,1.28568e-05,1.32662e-05,2.20247e-05,0.00371518,0.00192682
412,3.12175e-05,1.29206e-05,1.31222e-05,2.09982e-05,0.00585485,0.00292665
413,3.0974e-05,1.25267e-05,1.2645e-05,2.09484e-05,0.00509877,0.00268579
414,3.82428e-05,1.3065e-05,1.2983e-05,2.36729e-05,0.00320487,0.00224055
415,3.72562e-05,1.35202e-05,1.37432e-05,2.42183e-05,0.00520338,0.00280152
416,3.57619e-05,1.29358e-05,1.31327e-05,2.18752e-05,0.00466172,0.00256541
417,3.49198e-05,1.27944e-05,1.32974e-05,1.86775e-05,0.00363799,0.00190626
418,4.07212e-05,1.32021e-05,1.30374e-05,1.99844e-05,0.0047542,0.00235239
419,4.46603e-05,1.35568e-05,1.26003e-05,2.05549e-05,0.00402602,0.00219562
420,4.57744e-05,1.25358e-05,1.2352e-05,2.05096e-05,0.00353564,0.00206776
421,4.48799e-05,1.20219e-05,1.24521e-05,2.01748e-05,0.00376289,0.00209233
422,4.32195e-05,1.21478e-05,1.26034e-05,2.13547e-05,0.00290771,0.00175388
423,4.09594e-05,1.23308e-05,1.22453e-05,2.06567e-05,0.00289804,0.00165459
424,3.90477e-05,1.19395e-05,1.16083e-05,1.85903e-05,0.0033463,0.00214414
425,3.80016e-05,1.12875e-05,1.19905e-05,1.6481e-05,0.00330322,0.00200995
426,3.643e-05,1.17844e-05,1.27962e-05,1.77518e-05,0.0024588,0.00155903
427,3.5393e-05,1.19275e-05,1.22641e-05,1.67155e-05,0.00221032,0.0015422
428,3.50703e-05,1.15043e-05,1.15085e-05,1.67063e-05,0.00445741,0.00221404
429,3.53395e-05,1.11599e-05,1.12651e-05,1.7049e-05,0.00367875,0.00186337
430,3.71498e-05,1.10709e-05,1.2198e-05,1.93546e-05,0.00354743,0.00233584
431,3.67573e-05,1.07256e-05,1.22307e-05,1.95833e-05,0.00423778,0.00214381
432,3.62476e-05,1.06105e-05,1.15333e-05,1.85784e-05,0.00355715,0.0017929
433,3.67824e-05,1.00275e-05,1.09259e-05,1.52071e-05,0.00403705,0.00170287
434,3.72709e-05,1.03691e-05,1.18544e-05,1.8611e-05,0.00483678,0.00224442
435,3.68751e-05,1.0545e-05,1.17097e-05,1.98135e-05,0.00387389,0.00212499
436,3.54416e-05,1.06915e-05,1.22067e-05,1.8559e-05,0.00369423,0.00185301
437,3.4163e-05,1.08424e-05,1.16383e-05,1.72678e-05,0.00451087,0.00221376
438,3.33932e-05,1.1361e-05,1.05436e-05,1.73226e-05,0.00434921,0.0024801
439,3.26106e-05,1.19949e-05,1.02653e-05,1.62147e-05,0.00341091,0.0021483
440,3.13127e-05,1.10186e-05,1.11105e-05,1.59707e-05,0.00409701,0.0023212
441,2.99681e-05,1.01382e-05,1.1656e-05,1.44396e-05,0.00342924,0.00190019
442,2.9822e-05,1.02291e-05,1.16834e-05,1.45801e-05,0.0030351,0.00165071
443,2.97938e-05,1.02474e-05,1.12538e-05,1.58048e-05,0.00216997,0.00127723
444,2.92125e-05,9.90278e-06,1.06924e-05,1.53666e-05,0.00295246,0.00143364
445,2.81059e-05,9.25268e-06,9.95196e-06,1.48844e-05,0.00188891,0.0013158
446,2.7552e-05,9.43492e-06,9.64082e-06,1.57134e-05,0.00226433,0.00134108
447,2.68433e-05,9.83393e-06,9.0993e-06,1.55612e-05,0.00208926,0.00132184
448,2.67692e-05,9.10591e-06,8.61988e-06,1.27756e-05,0.00265995,0.00132173
449,2.61348e-05,9.18686e-06,8.50295e-06,1.37697e-05,0.00255838,0.00135932
450,2.55507e-05,9.26264e-06,8.5431e-06,1.42125e-05,0.0026829,0.00138824
451,2.41726e-05,9.28911e-06,9.13278e-06,1.46114e-05,0.00415821,0.00199447
452,2.32326e-05,8.58558e-06,8.9567e-06,1.35302e-05,0.00360103,0.00194133
453,2.36096e-05,9.04386e-06,8.87351e-06,1.42728e-05,0.00228901,0.00169102
454,2.40137e-05,9.49396e-06,9.79303e-06,1.71727e-05,0.00454032,0.00242687
455,2.35388e-05,9.52455e-06,1.04512e-05,1.73965e-05,0.00338385,0.00187865
456,2.47773e-05,9.18919e-06,1.02271e-05,1.31301e-05,0.00265892,0.00156078
457,2.65323e-05,9.44733e-06,1.00328e-05,1.47485e-05,0.00290741,0.00187552
458,2.75703e-05,9.39219e-06,9.66269e-06,1.56195e-05,0.00247136,0.00167242
459,2.79004e-05,8.63452e-06,1.02469e-05,1.41534e-05,0.00308359,0.00178541
460,2.79975e-05,8.33543e-06,9.99061e-06,1.40466e-05,0.00242508,0.00160408
461,2.82551e-05,8.95693e-06,9.24975e-06,1.53966e-05,0.00212207,0.0015215
462,2.78437e-05,9.40374e-06,8.67632e-06,1.57117e-05,0.00292575,0.00194204
463,2.88235e-05,8.71128e-06,8.82373e-06,1.39157e-05,0.0028996,0.00169829
464,2.85951e-05,8.13251e-06,8.89362e-06,1.44384e-05,0.0028129,0.00167097
465,2.82158e-05,8.0324e-06,8.95817e-06,1.44066e-05,0.00249752,0.00171826
466,2.72476e-05,8.23107e-06,8.52665e-06,1.44859e-05,0.00370314,0.00209062
467,2.6959e-05,7.86467e-06,8.18355e-06,1.32878e-05,0.00261678,0.00170124
468,2.81964e-05,8.33002e-06,8.78019e-06,1.49045e-05,0.00253295,0.00182244
469,2.81632e-05,9.08235e-06,1.02201e-05,1.7535e-05,0.00397046,0.00252355
470,2.61302e-05,9.50013e-06,1.01912e-05,1.57617e-05,0.00344932,0.00187037
471,2.70402e-05,8.53268e-06,9.35769e-06,1.20433e-05,0.0035559,0.00182601
472,2.83507e-05,8.34079e-06,8.67632e-06,1.37554e-05,0.0043387,0.00221328
473,2.88946e-05,8.70212e-06,9.79127e-06,1.51963e-05,0.0044142,0.0021239
474,2.83483e-05,8.46474e-06,9.98845e-06,1.36083e-05,0.00244932,0.00146235
475,2.81456e-05,8.12723e-06,9.60422e-06,1.27485e-05,0.00321312,0.00144858
476,2.8434e-05,8.42963e-06,9.21725e-06,1.39009e-05,0.00308114,0.00186431
477,2.77791e-05,9.06783e-06,8.94968e-06,1.47104e-05,0.00294622,0.00179907
478,2.7926e-05,8.47407e-06,9.09366e-06,1.35999e-05,0.00245499,0.00159155
479,2.76046e-05,7.57058e-06,8.84316e-06,1.25247e-05,0.00223211,0.00145853
480,2.70153e-05,7.32002e-06,8.61447e-06,1.14447e-05,0.00240405,0.00134755
481,2.64059e-05,7.27062e-06,8.49667e-06,1.10167e-05,0.0016974,0.00118542
482,2.57187e-05,7.10675e-06,8.69663e-06,1.09718e-05,0.00179294,0.00113104
483,2.509e-05,6.93156e-06,7.60733e-06,1.12156e-05,0.00145671,0.00114842
484,2.44611e-05,7.03423e-06,7.30646e-06,1.16111e-05,0.00151121,0.00117423
485,2.34618e-05,7.12776e-06,7.38064e-06,1.04673e-05,0.00192018,0.00118733
486,2.28004e-05,6.53374e-06,7.09419e-06,9.54521e-06,0.00253243,0.00121788
487,2.22249e-05,6.84694e-06,7.07101e-06,1.10043e-05,0.00315036,0.00141986
488,2.12973e-05,6.95721e-06,7.32012e-06,1.07058e-05,0.0020883,0.00111964
489,2.02444e-05,6.68166e-06,7.60485e-06,1.01747e-05,0.00273803,0.00116699
490,1.99841e-05,6.92893e-06,7.03079e-06,1.03952e-05,0.00198833,0.00122589
491,2.15499e-05,6.906e-06,6.542e-06,1.10074e-05,0.0016056,0.00108474
492,2.06303e-05,7.3156e-06,6.68814e-06,1.16403e-05,0.00223448,0.00139248
493,2.05542e-05,6.86851e-06,6.98598e-06,9.47306e-06,0.00270003,0.001415
494,2.06425e-05,6.61175e-06,7.32109e-06,9.78198e-06,0.0030235,0.00136233
495,2.06896e-05,6.54905e-06,7.19345e-06,1.05043e-05,0.0018382,0.000937963
496,2.04269e-05,6.36009e-06,7.31825e-06,9.85083e-06,0.0024741,0.00134107
497,1.976e-05,6.50296e-06,7.23194e-06,9.54092e-06,0.0025729,0.00125463
498,1.97325e-05,6.56262e-06,6.98102e-06,1.00256e-05,0.00153785,0.00116161
499,1.92324e-05,6.64726e-06,6.80072e-06,1.01412e-05,0.00175818,0.00117098
500,1.84827e-05,6.39973e-06,6.17473e-06,9.48714e-06,0.00186543,0.00134575
501,1.8219e-05,6.22742e-06,5.8959e-06,8.46974e-06,0.00175599,0.00133405
502,1.80467e-05,6.03305e-06,5.66245e-06,7.77045e-06,0.0018873,0.00141214
503,1.78666e-05,5.97289e-06,5.73471e-06,8.12748e-06,0.00196457,0.00144281
504,1.76352e-05,5.88579e-06,5.75545e-06,8.50422e-06,0.00165705,0.00126224
505,1.74334e-05,5.97475e-06,5.88422e-06,8.95815e-06,0.00166892,0.00113627
506,1.71902e-05,5.96804e-06,6.04201e-06,9.22343e-06,0.00162639,0.00115806
507,1.69e-05,5.80298e-06,6.06529e-06,9.25893e-06,0.00164942,0.00115818
508,1.64333e-05,5.53782e-06,5.94547e-06,8.95756e-06,0.00141675,0.00100386
509,1.61201e-05,5.43361e-06,5.93365e-06,8.42188e-06,0.00129922,0.000999752
510,1.59389e-05,5.53122e-06,5.89446e-06,8.11137e-06,0.00136611,0.000988394
511,1.58912e-05,5.50949e-06,5.82032e-06,8.06158e-06,0.00172138,0.00106197
512,1.58847e-05,5.37257e-06,5.69933e-06,8.08165e-06,0.00172286,0.00106224
513,1.59016e-05,5.31249e-06,5.38838e-06,8.35563e-06,0.00134167,0.000843384
514,1.58941e-05,5.39117e-06,5.32714e-06,8.53565e-06,0.00116891,0.000769163
515,1.58533e-05,5.54694e-06,5.433e-06,8.85711e-06,0.0012983,0.000891985
516,1.58184e-05,5.72571e-06,5.57357e-06,8.57183e-06,0.00145456,0.000929079
517,1.57618e-05,5.71199e-06,5.77433e-06,7.87178e-06,0.00198144,0.000968822
518,1.58332e-05,5.65513e-06,5.76275e-06,7.56929e-06,0.0023092,0.000951242
519,1.59694e-05,5.55454e-06,5.60779e-06,7.9902e-06,0.00301456,0.00119453
520,1.59453e-05,5.52159e-06,5.46197e-06,8.18149e-06,0.00273566,0.00127665
521,1.59418e-05,5.55729e-06,5.29462e-06,8.23506e-06,0.00182635,0.00102134
522,1.59751e-05,5.51603e-06,5.46954e-06,8.09572e-06,0.00123585,0.000777001
523,1.59437e-05,5.39355e-06,5.49413e-06,7.59467e-06,0.00142286,0.000718969
524,1.58075e-05,5.2407e-06,5.39475e-06,7.21866e-06,0.00160122,0.000729258
525,1.57144e-05,5.19332e-06,5.35433e-06,7.36261e-06,0.00167572,0.000706656
526,1.57206e-05,5.15718e-06,5.36173e-06,7.65728e-06,0.00167824,0.000723115
527,1.57411e-05,5.20119e-06,5.35022e-06,8.04541e-06,0.00162352,0.000725646
528,1.56621e-05,5.17713e-06,5.27719e-06,8.19251e-06,0.00138702,0.000695526
529,1.56151e-05,5.22587e-06,5.14433e-06,7.82089e-06,0.00112714,0.000631186
530,1.56572e-05,5.16339e-06,5.01989e-06,7.12927e-06,0.00103178,0.000656261
531,1.58318e-05,5.10478e-06,4.91856e-06,6.78023e-06,0.00102707,0.000704653
532,1.58152e-05,5.05561e-06,4.91467e-06,7.02871e-06,0.00112172,0.00076517
533,1.57301e-05,5.07669e-06,5.04897e-06,7.08804e-06,0.00115277,0.000763646
534,1.56345e-05,5.05357e-06,5.15936e-06,7.03817e-06,0.00118342,0.000784338
535,1.5608e-05,4.86322e-06,5.14089e-06,7.10334e-06,0.00119987,0.000788879
536,1.56282e-05,4.71684e-06,5.16172e-06,7.04578e-06,0.0012233,0.000830105
537,1.56515e-05,4.60311e-06,5.11981e-06,7.01149e-06,0.00125804,0.00082511
538,1.56849e-05,4.62141e-06,5.04033e-06,7.09515e-06,0.00110513,0.000774043
539,1.56589e-05,4.65073e-06,4.93865e-06,7.16123e-06,0.000907569,0.000722658
