{
    "ParametricPlots": {
        "version": "25.2",
        "ROOT": {
            "PlotsManager": {
                "ActivePlot": "__________None",
                "CSVFileName": "DesignPoints.csv",
                "Children": "",
                "Name": "ParametricPlotsManager",
                "PlotsStateFileName": "ParametricPlots.json"
            },
            "StatusManager": {
                "ActiveMonitorsPlotDP": "",
                "ActiveResidualsPlotDP": "",
                "ActiveTranscriptDP": "",
                "Name": "StatusManager"
            }
        }
    }
}
