{
  "name": "Vibranium",
  "description": "Chief resource of the kingdom of Wakanda",
  "version": "1.0.0",
  "configuration": {
    "solidThermalConductivityAtRoomTemperature": 110,
    "solidDensityAtRoomTemperature": 3000,
    "solidSpecificHeatAtRoomTemperature": 700,
    "purgingGasConvectionCoefficient": 11,
    "solidusTemperature": 900,
    "liquidusTemperature": 1100,
    "vaporizationTemperature": 2650,
    "thermalExpansionCoefficient": 0.00002,
    "elasticModulus": 80000000000,
    "poissonRatio": 0.33,
    "materialYieldStrength": 250000000,
    "supportYieldStrengthRatio": 0.4375,
    "anisotropicStrainCoefficientParallel": 1.5,
    "anisotropicStrainCoefficientPerpendicular": 0.5,
    "anisotropicStrainCoefficientZ": 1.0,
    "hardeningFactor": 0.0104,
    "nucleationConstantInterface": 7.0E3,
    "nucleationConstantBulk": 2.5E11,
    "penetrationDepthPowderCoeffA": 0,
    "penetrationDepthPowderCoeffB": 0,
    "penetrationDepthSolidCoeffA": 0,
    "penetrationDepthSolidCoeffB": 0,
    "absorptivityPowderCoeffA": 0,
    "absorptivityPowderCoeffB": 0,
    "absorptivitySolidCoeffA": 0,
    "absorptivitySolidCoeffB": 0,
    "absorptivityMinimum": 0,
    "absorptivityMaximum": 0,
    "penetrationDepthMinimum": 0,
    "penetrationDepthMaximum": 0,
    "powderPackingDensity": 0.6
  }
}