{
  "name": "Vibranium",
  "description": "Chief resource of the kingdom of Wakanda",
  "version": "1.0.0",
  "configuration": {
    "solidThermalConductivityAtRoomTemperature": 110,
    "solidDensityAtRoomTemperature": 3000,
    "solidSpecificHeatAtRoomTemperature": 700,
    "purgingGasConvectionCoefficient": 11,
    "solidusTemperature": 900,
    "liquidusTemperature": 1100,
    "vaporizationTemperature": 2650,
    "thermalExpansionCoefficient": 0.00002,
    "elasticModulus": 80000000000,
    "poissonRatio": 0.33,
    "materialYieldStrength": 250000000,
    "supportYieldStrengthRatio": 0.4375,
    "anisotropicStrainCoefficientParallel": 1.5,
    "anisotropicStrainCoefficientPerpendicular": 0.5,
    "anisotropicStrainCoefficientZ": 1.0,
    "hardeningFactor": 0.0104,
    "nucleationConstantInterface": 7.0E3,
    "nucleationConstantBulk": 2.5E11,
    "penetrationDepthPowderCoeffA": -5,
    "penetrationDepthPowderCoeffB": 4,
    "penetrationDepthSolidCoeffA": -5,
    "penetrationDepthSolidCoeffB": 4,
    "absorptivityPowderCoeffA": -1,
    "absorptivityPowderCoeffB": 1,
    "absorptivitySolidCoeffA": -1,
    "absorptivitySolidCoeffB": 1,
    "absorptivityMinimum": 0.2,
    "absorptivityMaximum": 0.8,
    "penetrationDepthMinimum": 2.5E-5,
    "penetrationDepthMaximum": 4E-4,
    "powderPackingDensity": 0.6,
    "strainScalingFactor": 1.0
  }
}