Name,inlet-velocity,inlet-temperature
snapshot1.bin,5.00196499,499.5548814
snapshot2.bin,5.001967277,400.6769855
snapshot3.bin,5.007618693,474.4663779
snapshot4.bin,5.02745697,424.5095917
snapshot5.bin,5.277777778,450
snapshot6.bin,5.653677493,485.9494738
snapshot7.bin,5.833333333,405.5555556
snapshot8.bin,5.965424626,435.0823801
snapshot9.bin,6.259235201,498.2237604
snapshot10.bin,6.388888889,472.2222222
snapshot11.bin,6.918407232,451.198122
snapshot12.bin,6.944444444,427.7777778
snapshot13.bin,7.328353461,400.1553236
snapshot14.bin,7.330521288,472.8647854
snapshot15.bin,7.5,494.4444444
snapshot16.bin,7.69082166,417.4731654
snapshot17.bin,8.020620206,437.5289004
snapshot18.bin,8.055555556,461.1111111
snapshot19.bin,8.191776599,480.6591517
snapshot20.bin,8.503821052,499.716822
snapshot21.bin,8.611111111,416.6666667
snapshot22.bin,8.872044748,433.2285577
snapshot23.bin,9.018356855,454.6176488
snapshot24.bin,9.064320458,401.1649445
snapshot25.bin,9.166666667,483.3333333
snapshot26.bin,9.632350944,419.0231821
snapshot27.bin,9.722222222,438.8888889
snapshot28.bin,9.943200974,463.435914
snapshot29.bin,9.97322236,499.5337959
snapshot30.bin,9.997275771,400.4888227