{
    "1": {
        "view": {
            "namedSelection": [
                "inlet",
                "outlet1",
                "outlet2",
                "outlet3",
                "wall-sys_1"
            ],
            "pitchRad": -0.374362,
            "pointSize": 1,
            "rollRad": -0.475581,
            "scale": 2.03125,
            "xTranslation": 0,
            "yTranslation": 0,
            "yawRad": -0.574785
        }
    },
    "2": {
        "view": {
            "namedSelection": [
                "inlet",
                "outlet1",
                "outlet2",
                "outlet3",
                "wall-sys_1"
            ],
            "pitchRad": 0.38204,
            "pointSize": 1,
            "rollRad": -0.41346,
            "scale": 2.03125,
            "xTranslation": 0,
            "yTranslation": 0,
            "yawRad": -0.866466
        }
    }
}
