"Time","Torque_in","Clutch1_in","Clutch2_in","Clutch3_in"
0,0,0.999999682931835,0,0
0.001,0.314107590781283,0.999999894057231,0,0
0.002,0.627905195293134,0.999998526046299,0,0
0.003,0.941083133185143,0.999995578901197,0,0
0.004,1.25333233564304,0.999991052626581,0,0
0.005,1.56434465040231,0.999984947229598,0,0
0.006,1.87381314585725,0.999977262719888,0,0
0.007,2.18143241396543,0.999967999109588,0,0
0.008,2.48689887164855,0.999957156413324,0,0
0.009,2.78991106039229,0.999944734648221,0,0
0.01,3.09016994374947,0.999930733833892,0,0
0.011,3.38737920245292,0.999915153992448,0,0
0.012,3.68124552684678,0.999897995148491,0,0
0.013,3.97147890634781,0.999879257329117,0,0
0.014,4.25779291565073,0.999858940563916,0,0
0.015,4.53990499739547,0.999837044884971,0,0
0.016,4.81753674101715,0.999813570326858,0,0
0.017,5.09041415750371,0.999788516926646,0,0
0.018,5.35826794978997,0.999761884723899,0,0
0.019,5.62083377852131,0.999733673760671,0,0
0.02,5.87785252292473,0.999703884081513,0,0
0.021,6.12907053652977,0.999672515733466,0,0
0.022,6.3742398974869,0.999639568766065,0,0
0.023,6.61311865323652,0.999605043231337,0,0
0.024,6.84547105928689,0.999568939183804,0,0
0.025,7.07106781186548,0.999531256680479,0,0
0.026,7.28968627421412,0.999491995780866,0,0
0.027,7.5011106963046,0.999451156546966,0,0
0.028,7.7051324277579,0.999408739043267,0,0
0.029,7.90155012375691,0.999364743336754,0,0
0.03,8.09016994374948,0.999319169496902,0,0
0.031,8.27080574274562,0.999272017595678,0,0
0.032,8.44327925502015,0.999223287707541,0,0
0.033,8.60742027003944,0.999172979909442,0,0
0.034,8.76306680043864,0.999121094280824,0,0
0.035,8.91006524188368,0.999067630903622,0,0
0.036,9.0482705246602,0.999012589862262,0,0
0.037,9.17754625683981,0.998955971243661,0,0
0.038,9.29776485888252,0.998897775137228,0,0
0.039,9.40880768954226,0.998838001634861,0,0
0.04,9.51056516295154,0.998776650830952,0,0
0.041,9.60293685676943,0.998713722822382,0,0
0.042,9.68583161128631,0.998649217708524,0,0
0.043,9.75916761938748,0.998583135591238,0,0
0.044,9.82287250728689,0.998515476574878,0,0
0.045,9.87688340595138,0.998446240766287,0,0
0.046,9.92114701314478,0.998375428274798,0,0
0.047,9.9556196460308,0.998303039212232,0,0
0.048,9.98026728428272,0.998229073692903,0,0
0.049,9.99506560365732,0.998153531833612,0,0
0.05,10,0.99807641375365,0,0
0.051,9.99506560365731,0.997997719574797,0,0
0.052,9.98026728428271,0.997917449421321,0,0
0.053,9.9556196460308,0.997835603419981,0,0
0.054,9.92114701314478,0.997752181700022,0,0
0.055,9.87688340595138,0.997667184393179,0,0
0.056,9.82287250728688,0.997580611633673,0,0
0.057,9.75916761938747,0.997492463558216,0,0
0.058,9.68583161128631,0.997402740306004,0,0
0.059,9.60293685676943,0.997311442018724,0,0
0.06,9.51056516295153,0.997218568840547,0,0
0.061,9.40880768954225,0.997124120918134,0,0
0.062,9.29776485888251,0.997028098400629,0,0
0.063,9.17754625683981,0.996930501439667,0,0
0.064,9.04827052466019,0.996831330189365,0,0
0.065,8.91006524188367,0.99673058480633,0,0
0.066,8.76306680043863,0.99662826544965,0,0
0.067,8.60742027003943,0.996524372280904,0,0
0.068,8.44327925502014,0.996418905464151,0,0
0.069,8.27080574274561,0.99631186516594,0,0
0.07,8.09016994374947,0.9962032515553,0,0
0.071,7.90155012375689,0.996093064803748,0,0
0.0720000000000001,7.70513242775788,0.995981305085284,0,0
0.0730000000000001,7.50111069630458,0.995867972576391,0,0
0.0740000000000001,7.28968627421411,0.995753067456037,0,0
0.0750000000000001,7.07106781186546,0.995636589905672,0,0
0.0760000000000001,6.84547105928688,0.995518540109232,0,0
0.0770000000000001,6.61311865323651,0.995398918253132,0,0
0.0780000000000001,6.37423989748689,0.995277724526272,0,0
0.0790000000000001,6.12907053652975,0.995154959120032,0,0
0.0800000000000001,5.87785252292472,0.995030622228278,0,0
0.0810000000000001,5.62083377852129,0.994904714047353,0,0
0.0820000000000001,5.35826794978995,0.994777234776083,0,0
0.0830000000000001,5.0904141575037,0.994648184615777,0,0
0.0840000000000001,4.81753674101714,0.994517563770221,0,0
0.0850000000000001,4.53990499739545,0.994385372445683,0,0
0.0860000000000001,4.25779291565071,0.994251610850913,0,0
0.0870000000000001,3.97147890634779,0.994116279197137,0,0
0.0880000000000001,3.68124552684676,0.993979377698064,0,0
0.0890000000000001,3.3873792024529,0.993840906569878,0,0
0.0900000000000001,3.09016994374945,0.993700866031245,0,0
0.0910000000000001,2.78991106039227,0.993559256303308,0,0
0.0920000000000001,2.48689887164853,0.993416077609688,0,0
0.0930000000000001,2.18143241396541,0.993271330176484,0,0
0.0940000000000001,1.87381314585722,0.993125014232272,0,0
0.0950000000000001,1.56434465040229,0.992977130008104,0,0
0.0960000000000001,1.25333233564302,0.99282767773751,0,0
0.0970000000000001,0.941083133185121,0.992676657656496,0,0
0.0980000000000001,0.627905195293114,0.992524070003543,0,0
0.0990000000000001,0.31410759078126,0.992369915019607,0,0
0.1,-2.09798136933558E-14,0.99221419294812,0,0
0.101,-0.314107590781307,0.992056904034989,0,0
0.102,-0.627905195293156,0.991898048528594,0,0
0.103,-0.941083133185168,0.991737626679791,0,0
0.104,-1.25333233564307,0.991575638741906,0,0
0.105,-1.56434465040233,0.991412084970741,0,0
0.106,-1.87381314585727,0.99124696562457,0,0
0.107,-2.18143241396545,0.991080280964138,0,0
0.108,-2.48689887164857,0.990912031252664,0,0
0.109,-2.78991106039231,0.990742216755837,0,0
0.11,-3.0901699437495,0.990570837741817,0,0
0.111,-3.38737920245294,0.990397894481234,0,0
0.112,-3.6812455268468,0.990223387247191,0,0
0.113,-3.97147890634783,0.990047316315257,0,0
0.114,-4.25779291565075,0.989869681963473,0,0
0.115,-4.53990499739549,0.989690484472347,0,0
0.116,-4.81753674101717,0.989509724124857,0,0
0.117,-5.09041415750374,0.989327401206449,0,0
0.118,-5.35826794978999,0.989143516005034,0,0
0.119,-5.62083377852133,0.988958068810993,0,0
0.12,-5.87785252292476,0.988771059917172,0,0
0.121,-6.12907053652979,0.988582489618884,0,0
0.122,-6.37423989748692,0.988392358213907,0,0
0.123,-6.61311865323654,0.988200666002484,0,0
0.124,-6.84547105928691,0.988007413287324,0,0
0.125,-7.07106781186549,0.987812600373599,0,0
0.126,-7.28968627421413,0.987616227568945,0,0
0.127,-7.50111069630461,0.987418295183462,0,0
0.128,-7.7051324277579,0.987218803529711,0,0
0.129,-7.90155012375692,0.987017752922718,0,0
0.13,-8.09016994374949,0.986815143679969,0,0
0.131,-8.27080574274563,0.986610976121412,0,0
0.132,-8.44327925502017,0.986405250569454,0,0
0.133,-8.60742027003945,0.986197967348964,0,0
0.134,-8.76306680043865,0.985989126787272,0,0
0.135,-8.91006524188369,0.985778729214165,0,0
0.136,-9.0482705246602,0.985566774961889,0,0
0.137,-9.17754625683982,0.985353264365149,0,0
0.138,-9.29776485888253,0.985138197761108,0,0
0.139,-9.40880768954226,0.984921575489385,0,0
0.14,-9.51056516295154,0.984703397892055,0,0
0.141,-9.60293685676944,0.984483665313652,0,0
0.142,-9.68583161128632,0.984262378101163,0,0
0.143,-9.75916761938748,0.984039536604031,0,0
0.144,-9.82287250728689,0.983815141174152,0,0
0.145,-9.87688340595138,0.983589192165879,0,0
0.146,-9.92114701314478,0.983361689936014,0,0
0.147,-9.9556196460308,0.983132634843816,0,0
0.148,-9.98026728428272,0.982902027250994,0,0
0.149,-9.99506560365732,0.982669867521708,0,0
0.15,-10,0.98243615602257,0,0
0.151,-9.99506560365731,0.982200893122643,0,0
0.152,-9.98026728428271,0.981964079193439,0,0
0.153,-9.9556196460308,0.981725714608919,0,0
0.154,-9.92114701314478,0.981485799745494,0,0
0.155,-9.87688340595137,0.981244334982021,0,0
0.156,-9.82287250728688,0.981001320699808,0,0
0.157,-9.75916761938747,0.980756757282606,0,0
0.158,-9.6858316112863,0.980510645116615,0,0
0.159,-9.60293685676942,0.980262984590479,0,0
0.16,-9.51056516295153,0.980013776095288,0,0
0.161,-9.40880768954224,0.979763020024576,0,0
0.162,-9.2977648588825,0.979510716774321,0,0
0.163,-9.1775462568398,0.979256866742945,0,0
0.164,-9.04827052466018,0.979001470331311,0,0
0.165,-8.91006524188366,0.978744527942726,0,0
0.166,-8.76306680043862,0.978486039982935,0,0
0.167,-8.60742027003942,0.978226006860128,0,0
0.168,-8.44327925502013,0.977964428984932,0,0
0.169,-8.2708057427456,0.977701306770414,0,0
0.17,-8.09016994374945,0.97743664063208,0,0
0.171,-7.90155012375688,0.977170430987873,0,0
0.172,-7.70513242775787,0.976902678258176,0,0
0.173,-7.50111069630457,0.976633382865806,0,0
0.174,-7.28968627421409,0.976362545236018,0,0
0.175,-7.07106781186545,0.976090165796501,0,0
0.176,-6.84547105928686,0.975816244977379,0,0
0.177,-6.61311865323649,0.975540783211212,0,0
0.178,-6.37423989748687,0.975263780932989,0,0
0.179,-6.12907053652973,0.974985238580137,0,0
0.18,-5.8778525229247,0.974705156592511,0,0
0.181,-5.62083377852128,0.974423535412399,0,0
0.182,-5.35826794978993,0.974140375484519,0,0
0.183,-5.09041415750367,0.97385567725602,0,0
0.184,-4.81753674101711,0.973569441176479,0,0
0.185,-4.53990499739544,0.973281667697901,0,0
0.186,-4.25779291565069,0.972992357274721,0,0
0.187,-3.97147890634777,0.972701510363798,0,0
0.188,-3.68124552684674,0.972409127424421,0,0
0.189,-3.38737920245287,0.972115208918301,0,0
0.19,-3.09016994374944,0.971819755309576,0,0
0.191,-2.78991106039225,0.971522767064807,0,0
0.192,-2.4868988716485,0.97122424465298,0,0
0.193,-2.18143241396538,0.970924188545502,0,0
0.194,-1.8738131458572,0.970622599216202,0,0
0.195,-1.56434465040227,0.970319477141332,0,0
0.196,-1.253332335643,0.970014822799563,0,0
0.197,-0.941083133185096,0.969708636671985,0,0
0.198,-0.627905195293088,0.969400919242107,0,0
0.199,-0.314107590781248,0.969091670995859,0,0
0.2,4.35983562251079E-14,0.968780892421585,0,0
0.201,0.314107590781327,0.968468584010046,0,0
0.202,0.627905195293178,0.968154746254421,0,0
0.203,0.941083133185187,0.967839379650302,0,0
0.204,1.25333233564309,0.967522484695696,0,0
0.205,1.56434465040235,0.967204061891023,0,0
0.206,1.87381314585729,0.966884111739117,0,0
0.207,2.18143241396547,0.966562634745222,0,0
0.208,2.48689887164859,0.966239631416994,0,0
0.209,2.78991106039234,0.965915102264501,0,0
0.21,3.09016994374952,0.965589047800216,0,0
0.211,3.38737920245296,0.965261468539026,0,0
0.212,3.68124552684682,0.964932364998223,0,0
0.213,3.97147890634785,0.964601737697505,0,0
0.214,4.25779291565077,0.964269587158979,0,0
0.215,4.53990499739551,0.963935913907156,0,0
0.216,4.81753674101719,0.963600718468951,0,0
0.217,5.09041415750375,0.963264001373683,0,0
0.218,5.35826794979001,0.962925763153075,0,0
0.219,5.62083377852135,0.962586004341251,0,0
0.22,5.87785252292477,0.962244725474737,0,0
0.221,6.1290705365298,0.961901927092458,0,0
0.222,6.37423989748694,0.961557609735741,0,0
0.223,6.61311865323656,0.961211773948308,0,0
0.224,6.84547105928692,0.960864420276283,0,0
0.225,7.07106781186551,0.960515549268183,0,0
0.226,7.28968627421415,0.960165161474924,0,0
0.227,7.50111069630463,0.959813257449816,0,0
0.228,7.70513242775792,0.959459837748564,0,0
0.229,7.90155012375694,0.959104902929265,0,0
0.23,8.0901699437495,0.95874845355241,0,0
0.231,8.27080574274565,0.958390490180881,0,0
0.232,8.44327925502018,0.958031013379952,0,0
0.233,8.60742027003946,0.957670023717284,0,0
0.234,8.76306680043866,0.957307521762931,0,0
0.235,8.9100652418837,0.956943508089331,0,0
0.236,9.04827052466022,0.956577983271313,0,0
0.237,9.17754625683983,0.956210947886091,0,0
0.238,9.29776485888253,0.955842402513262,0,0
0.239,9.40880768954227,0.95547234773481,0,0
0.24,9.51056516295155,0.955100784135103,0,0
0.241,9.60293685676944,0.95472771230089,0,0
0.242,9.68583161128632,0.954353132821302,0,0
0.243,9.75916761938749,0.953977046287852,0,0
0.244,9.8228725072869,0.953599453294432,0,0
0.245,9.87688340595139,0.953220354437311,0,0
0.246,9.92114701314479,0.95283975031514,0,0
0.247,9.95561964603081,0.952457641528945,0,0
0.248,9.98026728428272,0.952074028682126,0,0
0.249,9.99506560365732,0.951688912380461,0,0
0.25,10,0.951302293232101,0,0
0.251,9.99506560365731,0.950914171847571,0,0
0.252,9.98026728428271,0.950524548839768,0,0
0.253,9.9556196460308,0.950133424823959,0,0
0.254,9.92114701314477,0.949740800417782,0,0
0.255,9.87688340595137,0.949346676241245,0,0
0.256,9.82287250728688,0.948951052916724,0,0
0.257,9.75916761938746,0.948553931068962,0,0
0.258,9.6858316112863,0.948155311325068,0,0
0.259,9.60293685676942,0.947755194314519,0,0
0.26,9.51056516295152,0.947353580669152,0,0
0.261,9.40880768954224,0.946950471023171,0,0
0.262,9.29776485888249,0.946545866013142,0,0
0.263,9.17754625683979,0.946139766277989,0,0
0.264,9.04827052466017,0.945732172459001,0,0
0.265,8.91006524188365,0.945323085199824,0,0
0.266,8.76306680043861,0.944912505146462,0,0
0.267,8.60742027003941,0.944500432947277,0,0
0.268,8.44327925502012,0.944086869252988,0,0
0.269,8.27080574274559,0.943671814716668,0,0
0.27,8.09016994374944,0.943255269993744,0,0
0.271,7.90155012375687,0.942837235741999,0,0
0.272,7.70513242775786,0.942417712621564,0,0
0.273,7.50111069630456,0.941996701294924,0,0
0.274,7.28968627421408,0.941574202426914,0,0
0.275,7.07106781186544,0.941150216684717,0,0
0.276,6.84547105928685,0.940724744737864,0,0
0.277,6.61311865323648,0.940297787258234,0,0
0.278,6.37423989748685,0.93986934492005,0,0
0.279,6.12907053652972,0.939439418399882,0,0
0.28,5.87785252292469,0.939008008376642,0,0
0.281,5.62083377852126,0.938575115531586,0,0
0.282,5.35826794978992,0.938140740548311,0,0
0.283,5.09041415750366,0.937704884112753,0,0
0.284,4.81753674101711,0.93726754691319,0,0
0.285,4.53990499739541,0.936828729640236,0,0
0.286,4.25779291565068,0.936388432986845,0,0
0.287,3.97147890634775,0.935946657648305,0,0
0.288,3.68124552684673,0.935503404322238,0,0
0.289,3.38737920245286,0.935058673708604,0,0
0.29,3.09016994374942,0.934612466509692,0,0
0.291,2.78991106039224,0.934164783430124,0,0
0.292,2.48689887164849,0.933715625176852,0,0
0.293,2.18143241396537,0.93326499245916,0,0
0.294,1.87381314585718,0.932812885988657,0,0
0.295,1.56434465040225,0.932359306479282,0,0
0.296,1.25333233564298,0.931904254647299,0,0
0.297,0.941083133185082,0.931447731211295,0,0
0.298,0.627905195293074,0.930989736892185,0,0
0.299,0.31410759078122,0.930530272413203,0,0
0.3,-6.09478425798614E-14,0.930069338499908,0,0
0.301,-0.314107590781346,0.929606935880176,0,0
0.302,-0.627905195293191,0.929143065284204,0,0
0.303,-0.941083133185207,0.928677727444507,0,0
0.304,-1.2533323356431,0.928210923095918,0,0
0.305,-1.56434465040237,0.927742652975583,0,0
0.306,-1.87381314585731,0.927272917822966,0,0
0.307,-2.18143241396549,0.926801718379842,0,0
0.308,-2.48689887164861,0.926329055390301,0,0
0.309,-2.78991106039235,0.92585492960074,0,0
0.31,-3.09016994374954,0.925379341759869,0,0
0.311,-3.38737920245298,0.924902292618707,0,0
0.312,-3.68124552684684,0.924423782930578,0,0
0.313,-3.97147890634787,0.923943813451117,0,0
0.314,-4.25779291565078,0.923462384938258,0,0
0.315,-4.53990499739553,0.922979498152245,0,0
0.316,-4.81753674101721,0.922495153855621,0,0
0.317,-5.09041415750377,0.922009352813231,0,0
0.318,-5.35826794979002,0.921522095792223,0,0
0.319,-5.62083377852136,0.921033383562041,0,0
0.32,-5.87785252292479,0.920543216894428,0,0
0.321,-6.12907053652982,0.920051596563426,0,0
0.322,-6.37423989748695,0.919558523345368,0,0
0.323,-6.61311865323657,0.919063998018886,0,0
0.324,-6.84547105928694,0.918568021364902,0,0
0.325,-7.07106781186552,0.918070594166631,0,0
0.326,-7.28968627421416,0.917571717209579,0,0
0.327,-7.50111069630464,0.91707139128154,0,0
0.328,-7.70513242775793,0.916569617172597,0,0
0.329,-7.90155012375695,0.91606639567512,0,0
0.33,-8.09016994374952,0.915561727583765,0,0
0.331,-8.27080574274566,0.915055613695471,0,0
0.332,-8.44327925502019,0.914548054809461,0,0
0.333,-8.60742027003947,0.91403905172724,0,0
0.334,-8.76306680043867,0.913528605252594,0,0
0.335,-8.91006524188371,0.913016716191586,0,0
0.336,-9.04827052466023,0.91250338535256,0,0
0.337,-9.17754625683984,0.911988613546136,0,0
0.338,-9.29776485888254,0.911472401585207,0,0
0.339,-9.40880768954228,0.910954750284944,0,0
0.34,-9.51056516295156,0.910435660462787,0,0
0.341,-9.60293685676945,0.909915132938452,0,0
0.342,-9.68583161128633,0.909393168533922,0,0
0.343,-9.75916761938749,0.90886976807345,0,0
0.344,-9.8228725072869,0.908344932383557,0,0
0.345,-9.87688340595139,0.907818662293029,0,0
0.346,-9.92114701314479,0.90729095863292,0,0
0.347,-9.95561964603081,0.906761822236545,0,0
0.348,-9.98026728428272,0.906231253939484,0,0
0.349,-9.99506560365732,0.905699254579575,0,0
0.35,-10,0.905165824996918,0,0
0.351,-9.99506560365731,0.904630966033872,0,0
0.352,-9.98026728428271,0.904094678535052,0,0
0.353,-9.95561964603079,0.903556963347328,0,0
0.354,-9.92114701314477,0.903017821319827,0,0
0.355,-9.87688340595137,0.902477253303928,0,0
0.356,-9.82287250728687,0.901935260153261,0,0
0.357,-9.75916761938746,0.901391842723707,0,0
0.358,-9.68583161128629,0.900847001873397,0,0
0.359,-9.60293685676941,0.900300738462709,0,0
0.36,-9.51056516295151,0.899753053354266,0,0
0.361,-9.40880768954223,0.89920394741294,0,0
0.362,-9.29776485888249,0.898653421505842,0,0
0.363,-9.17754625683978,0.898101476502329,0,0
0.364,-9.04827052466016,0.897548113273997,0,0
0.365,-8.91006524188364,0.896993332694682,0,0
0.366,-8.7630668004386,0.896437135640459,0,0
0.367,-8.6074202700394,0.895879522989637,0,0
0.368,-8.44327925502011,0.895320495622765,0,0
0.369,-8.27080574274557,0.894760054422622,0,0
0.37,-8.09016994374942,0.894198200274222,0,0
0.371,-7.90155012375686,0.893634934064809,0,0
0.372,-7.70513242775784,0.893070256683856,0,0
0.373,-7.50111069630454,0.892504169023068,0,0
0.374,-7.28968627421406,0.891936671976373,0,0
0.375,-7.07106781186541,0.891367766439927,0,0
0.376,-6.84547105928683,0.89079745331211,0,0
0.377,-6.61311865323646,0.890225733493523,0,0
0.378,-6.37423989748683,0.88965260788699,0,0
0.379,-6.12907053652969,0.889078077397555,0,0
0.38,-5.87785252292467,0.88850214293248,0,0
0.381,-5.62083377852124,0.887924805401244,0,0
0.382,-5.3582679497899,0.887346065715541,0,0
0.383,-5.09041415750364,0.886765924789282,0,0
0.384,-4.81753674101708,0.886184383538587,0,0
0.385,-4.5399049973954,0.885601442881789,0,0
0.386,-4.25779291565065,0.885017103739431,0,0
0.387,-3.97147890634773,0.884431367034265,0,0
0.388,-3.6812455268467,0.883844233691249,0,0
0.389,-3.38737920245283,0.883255704637547,0,0
0.39,-3.09016994374939,0.882665780802525,0,0
0.391,-2.78991106039221,0.882074463117755,0,0
0.392,-2.48689887164847,0.881481752517008,0,0
0.393,-2.18143241396534,0.880887649936254,0,0
0.394,-1.87381314585717,0.880292156313664,0,0
0.395,-1.56434465040222,0.879695272589601,0,0
0.396,-1.25333233564296,0.879096999706628,0,0
0.397,-0.941083133185052,0.878497338609499,0,0
0.398,-0.627905195293044,0.877896290245161,0,0
0.399,-0.314107590781195,0.877293855562751,0,0
0.4,8.71967124502158E-14,0.876690035513595,1,0
0.401,0.31410759078137,0.876084831051209,1,0
0.402,0.627905195293221,0.875478243131291,1,0
0.403,0.941083133185231,0.874870272711728,1,0
0.404,1.25333233564313,0.874260920752588,1,0
0.405,1.5643446504024,0.873650188216121,1,0
0.406,1.87381314585733,0.873038076066756,1,0
0.407,2.18143241396551,0.872424585271103,1,0
0.408,2.48689887164863,0.871809716797947,1,0
0.409,2.78991106039238,0.871193471618249,1,0
0.41,3.09016994374956,0.870575850705144,1,0
0.411,3.387379202453,0.869956855033941,1,0
0.412,3.68124552684686,0.869336485582118,1,0
0.413,3.97147890634789,0.868714743329323,1,0
0.414,4.25779291565081,0.868091629257372,1,0
0.415,4.53990499739555,0.867467144350247,1,0
0.416,4.81753674101723,0.866841289594095,1,0
0.417,5.09041415750379,0.866214065977225,1,0
0.418,5.35826794979004,0.865585474490111,1,0
0.419,5.62083377852138,0.864955516125383,1,0
0.42,5.87785252292481,0.864324191877832,1,0
0.421,6.12907053652984,0.863691502744405,1,0
0.422,6.37423989748697,0.863057449724204,1,0
0.423,6.61311865323659,0.862422033818486,1,0
0.424,6.84547105928696,0.861785256030658,1,0
0.425,7.07106781186554,0.861147117366282,1,0
0.426,7.28968627421418,0.860507618833063,1,0
0.427,7.50111069630466,0.859866761440858,1,0
0.428,7.70513242775795,0.859224546201668,1,0
0.429,7.90155012375696,0.858580974129639,1,0
0.43,8.09016994374953,0.857936046241058,1,0
0.431,8.27080574274567,0.857289763554355,1,0
0.432,8.4432792550202,0.856642127090098,1,0
0.433,8.60742027003949,0.855993137870995,1,0
0.434,8.76306680043868,0.855342796921886,1,0
0.435,8.91006524188372,0.854691105269751,1,0
0.436,9.04827052466024,0.854038063943697,1,0
0.437,9.17754625683985,0.853383673974967,1,0
0.438,9.29776485888255,0.852727936396933,1,0
0.439,9.40880768954229,0.852070852245093,1,0
0.44,9.51056516295156,0.851412422557072,1,0
0.441,9.60293685676946,0.850752648372622,1,0
0.442,9.68583161128634,0.850091530733615,1,0
0.443,9.7591676193875,0.849429070684047,1,0
0.444,9.8228725072869,0.848765269270032,1,0
0.445,9.87688340595139,0.848100127539803,1,0
0.446,9.92114701314479,0.847433646543711,1,0
0.447,9.95561964603081,0.846765827334219,1,0
0.448,9.98026728428272,0.846096670965905,1,0
0.449,9.99506560365732,0.845426178495459,1,0
0.45,10,0.844754350981679,1,0
0.451,9.99506560365731,0.844081189485473,1,0
0.452,9.98026728428271,0.843406695069855,1,0
0.453,9.95561964603079,0.842730868799944,1,0
0.454,9.92114701314476,0.84205371174296,1,0
0.455,9.87688340595136,0.841375224968229,1,0
0.456,9.82287250728687,0.840695409547173,1,0
0.457,9.75916761938745,0.840014266553313,1,0
0.458,9.68583161128629,0.839331797062268,1,0
0.459,9.6029368567694,0.83864800215175,1,0
0.46,9.5105651629515,0.837962882901563,1,0
0.461,9.40880768954222,0.837276440393605,1,0
0.462,9.29776485888248,0.836588675711863,1,0
0.463,9.17754625683977,0.835899589942411,1,0
0.464,9.04827052466015,0.835209184173409,1,0
0.465,8.91006524188363,0.834517459495102,1,0
0.466,8.76306680043859,0.833824416999818,1,0
0.467,8.60742027003938,0.833130057781965,1,0
0.468,8.44327925502009,0.832434382938032,1,0
0.469,8.27080574274556,0.831737393566584,1,0
0.47,8.09016994374941,0.831039090768262,1,0
0.471,7.90155012375684,0.830339475645783,1,0
0.472,7.70513242775782,0.829638549303933,1,0
0.473,7.50111069630452,0.828936312849571,1,0
0.474,7.28968627421404,0.828232767391624,1,0
0.475,7.0710678118654,0.827527914041086,1,0
0.476,6.84547105928681,0.826821753911018,1,0
0.477,6.61311865323644,0.826114288116543,1,0
0.478,6.37423989748681,0.825405517774844,1,0
0.479,6.12907053652968,0.824695444005169,1,0
0.48,5.87785252292465,0.823984067928819,1,0
0.481,5.62083377852122,0.823271390669155,1,0
0.482,5.35826794978988,0.822557413351592,1,0
0.483,5.09041415750362,0.821842137103597,1,0
0.484,4.81753674101706,0.821125563054689,1,0
0.485,4.53990499739537,0.820407692336436,1,0
0.486,4.25779291565062,0.819688526082455,1,0
0.487,3.9714789063477,0.818968065428406,1,0
0.488,3.68124552684668,0.818246311511996,1,0
0.489,3.38737920245281,0.817523265472972,1,0
0.49,3.09016994374937,0.816798928453123,1,0
0.491,2.78991106039218,0.816073301596276,1,0
0.492,2.48689887164844,0.815346386048295,1,0
0.493,2.18143241396531,0.814618182957078,1,0
0.494,1.87381314585714,0.813888693472558,1,0
0.495,1.5643446504022,0.813157918746699,1,0
0.496,1.25333233564293,0.812425859933492,1,0
0.497,0.941083133185033,0.811692518188959,1,0
0.498,0.627905195293016,0.810957894671147,1,0
0.499,0.314107590781171,0.810221990540127,1,0
0.5,-9.64749793678664E-14,0.809484806957991,1,0
0.501,-0.314107590781378,0.808746345088853,1,0
0.502,-0.627905195293231,0.808006606098846,1,0
0.503,-0.941083133185238,0.807265591156117,1,0
0.504,-1.25333233564314,0.806523301430831,1,0
0.505,-1.5643446504024,0.805779738095165,1,0
0.506,-1.87381314585734,0.805034902323306,1,0
0.507,-2.18143241396552,0.804288795291452,1,0
0.508,-2.48689887164864,0.803541418177808,1,0
0.509,-2.78991106039239,0.802792772162584,1,0
0.51,-3.09016994374957,0.802042858427995,1,0
0.511,-3.38737920245301,0.801291678158256,1,0
0.512,-3.68124552684687,0.800539232539584,1,0
0.513,-3.9714789063479,0.799785522760193,1,0
0.514,-4.25779291565082,0.799030550010293,1,0
0.515,-4.53990499739556,0.798274315482091,1,0
0.516,-4.81753674101724,0.797516820369783,1,0
0.517,-5.0904141575038,0.796758065869557,1,0
0.518,-5.35826794979005,0.795998053179591,1,0
0.519,-5.62083377852139,0.795236783500048,1,0
0.52,-5.87785252292481,0.794474258033077,1,0
0.521,-6.12907053652985,0.793710477982809,1,0
0.522,-6.37423989748697,0.792945444555358,1,0
0.523,-6.6131186532366,0.792179158958817,1,0
0.524,-6.84547105928696,0.791411622403253,1,0
0.525,-7.07106781186555,0.790642836100713,1,0
0.526,-7.28968627421419,0.789872801265215,1,0
0.527,-7.50111069630466,0.789101519112749,1,0
0.528,-7.70513242775796,0.788328990861275,1,0
0.529,-7.90155012375697,0.78755521773072,1,0
0.53,-8.09016994374953,0.786780200942978,1,0
0.531,-8.27080574274568,0.786003941721906,1,0
0.532,-8.4432792550202,0.785226441293323,1,0
0.533,-8.60742027003949,0.784447700885009,1,0
0.534,-8.76306680043869,0.783667721726701,1,0
0.535,-8.91006524188373,0.782886505050093,1,0
0.536,-9.04827052466024,0.782104052088832,1,0
0.537,-9.17754625683985,0.781320364078518,1,0
0.538,-9.29776485888255,0.780535442256702,1,0
0.539,-9.40880768954229,0.779749287862882,1,0
0.54,-9.51056516295157,0.778961902138504,1,0
0.541,-9.60293685676946,0.778173286326957,1,0
0.542,-9.68583161128634,0.777383441673573,1,0
0.543,-9.7591676193875,0.776592369425625,1,0
0.544,-9.82287250728691,0.775800070832324,1,0
0.545,-9.87688340595139,0.775006547144816,1,0
0.546,-9.92114701314479,0.774211799616185,1,0
0.547,-9.95561964603081,0.773415829501445,1,0
0.548,-9.98026728428272,0.772618638057543,1,0
0.549,-9.99506560365732,0.771820226543351,1,0
0.55,-10,0.77102059621967,1,0
0.551,-9.99506560365731,0.770219748349227,1,0
0.552,-9.98026728428271,0.769417684196669,1,0
0.553,-9.95561964603079,0.768614405028565,1,0
0.554,-9.92114701314476,0.767809912113402,1,0
0.555,-9.87688340595136,0.767004206721585,1,0
0.556,-9.82287250728687,0.766197290125432,1,0
0.557,-9.75916761938745,0.765389163599175,1,0
0.558,-9.68583161128628,0.764579828418955,1,0
0.559,-9.6029368567694,0.763769285862824,1,0
0.56,-9.5105651629515,0.762957537210739,1,0
0.561,-9.40880768954221,0.762144583744562,1,0
0.562,-9.29776485888247,0.761330426748057,1,0
0.563,-9.17754625683977,0.760515067506889,1,0
0.564,-9.04827052466015,0.759698507308623,1,0
0.565,-8.91006524188363,0.758880747442717,1,0
0.566,-8.76306680043858,0.758061789200526,1,0
0.567,-8.60742027003938,0.757241633875298,1,0
0.568,-8.44327925502009,0.756420282762169,1,0
0.569,-8.27080574274555,0.755597737158165,1,0
0.57,-8.0901699437494,0.754773998362198,1,0
0.571,-7.90155012375683,0.753949067675063,1,0
0.572,-7.70513242775782,0.753122946399439,1,0
0.573,-7.50111069630452,0.752295635839884,1,0
0.574,-7.28968627421404,0.751467137302835,1,0
0.575,-7.07106781186539,0.750637452096603,1,0
0.576,-6.8454710592868,0.749806581531376,1,0
0.577,-6.61311865323644,0.74897452691921,1,0
0.578,-6.37423989748681,0.748141289574033,1,0
0.579,-6.12907053652967,0.747306870811642,1,0
0.58,-5.87785252292463,0.746471271949697,1,0
0.581,-5.62083377852121,0.745634494307723,1,0
0.582,-5.35826794978987,0.744796539207107,1,0
0.583,-5.09041415750361,0.743957407971093,1,0
0.584,-4.81753674101704,0.743117101924784,1,0
0.585,-4.53990499739536,0.742275622395138,1,0
0.586,-4.25779291565063,0.741432970710967,1,0
0.587,-3.9714789063477,0.740589148202932,1,0
0.588,-3.68124552684666,0.739744156203545,1,0
0.589,-3.3873792024528,0.738897996047162,1,0
0.59,-3.09016994374937,0.738050669069987,1,0
0.591,-2.78991106039218,0.737202176610063,1,0
0.592,-2.48689887164843,0.736352520007278,1,0
0.593,-2.1814324139653,0.735501700603355,1,0
0.594,-1.87381314585712,0.734649719741852,1,0
0.595,-1.5643446504022,0.733796578768165,1,0
0.596,-1.25333233564292,0.73294227902952,1,0
0.597,-0.941083133185017,0.732086821874972,1,0
0.598,-0.627905195293009,0.731230208655405,1,0
0.599,-0.314107590781159,0.730372440723528,1,0
0.6,1.22075397430302E-13,0.729513519433875,1,0
0.601,0.314107590781405,0.728653446142798,1,0
0.602,0.627905195293256,0.727792222208471,1,0
0.603,0.941083133185265,0.726929848990885,1,0
0.604,1.25333233564316,0.726066327851843,1,0
0.605,1.56434465040243,0.725201660154965,1,0
0.606,1.87381314585737,0.724335847265677,1,0
0.607,2.18143241396555,0.723468890551218,1,0
0.608,2.48689887164867,0.72260079138063,1,0
0.609,2.78991106039241,0.721731551124759,1,0
0.61,3.09016994374959,0.720861171156255,1,0
0.611,3.38737920245303,0.719989652849568,1,0
0.612,3.6812455268469,0.719116997580943,1,0
0.613,3.97147890634792,0.718243206728421,1,0
0.614,4.25779291565084,0.717368281671839,1,0
0.615,4.53990499739558,0.716492223792822,1,0
0.616,4.81753674101726,0.715615034474784,1,0
0.617,5.09041415750382,0.714736715102928,1,0
0.618,5.35826794979007,0.71385726706424,1,0
0.619,5.62083377852141,0.712976691747489,1,0
0.62,5.87785252292484,0.712094990543223,1,0
0.621,6.12907053652987,0.711212164843768,1,0
0.622,6.374239897487,0.710328216043227,1,0
0.623,6.61311865323662,0.709443145537476,1,0
0.624,6.84547105928698,0.708556954724161,1,0
0.625,7.07106781186557,0.7076696450027,1,0
0.626,7.2896862742142,0.706781217774274,1,0
0.627,7.50111069630468,0.705891674441833,1,0
0.628,7.70513242775797,0.705001016410087,1,0
0.629,7.90155012375698,0.704109245085505,1,0
0.63,8.09016994374955,0.703216361876316,1,0
0.631,8.27080574274569,0.702322368192506,1,0
0.632,8.44327925502022,0.701427265445812,1,0
0.633,8.6074202700395,0.700531055049724,1,0
0.634,8.7630668004387,0.69963373841948,1,0
0.635,8.91006524188374,0.698735316972065,1,0
0.636,9.04827052466025,0.69783579212621,1,0
0.637,9.17754625683986,0.696935165302388,1,0
0.638,9.29776485888256,0.69603343792281,1,0
0.639,9.4088076895423,0.695130611411428,1,0
0.64,9.51056516295158,0.694226687193927,1,0
0.641,9.60293685676947,0.693321666697728,1,0
0.642,9.68583161128634,0.692415551351981,1,0
0.643,9.7591676193875,0.691508342587567,1,0
0.644,9.82287250728691,0.690600041837091,1,0
0.645,9.8768834059514,0.689690650534885,1,0
0.646,9.92114701314479,0.688780170117001,1,0
0.647,9.95561964603081,0.687868602021213,1,0
0.648,9.98026728428272,0.68695594768701,1,0
0.649,9.99506560365732,0.686042208555599,1,0
0.65,10,0.685127386069899,1,0
0.651,9.99506560365731,0.684211481674538,1,0
0.652,9.98026728428271,0.683294496815856,1,0
0.653,9.95561964603079,0.682376432941896,1,0
0.654,9.92114701314476,0.681457291502406,1,0
0.655,9.87688340595136,0.680537073948836,1,0
0.656,9.82287250728686,0.679615781734337,1,0
0.657,9.75916761938744,0.678693416313752,1,0
0.658,9.68583161128628,0.677769979143624,1,0
0.659,9.60293685676939,0.676845471682186,1,0
0.66,9.51056516295149,0.675919895389361,1,0
0.661,9.40880768954221,0.67499325172676,1,0
0.662,9.29776485888246,0.674065542157682,1,0
0.663,9.17754625683976,0.673136768147104,1,0
0.664,9.04827052466014,0.672206931161689,1,0
0.665,8.91006524188361,0.671276032669776,1,0
0.666,8.76306680043857,0.67034407414138,1,0
0.667,8.60742027003937,0.669411057048192,1,0
0.668,8.44327925502007,0.668476982863573,1,0
0.669,8.27080574274554,0.667541853062553,1,0
0.67,8.09016994374939,0.666605669121829,1,0
0.671,7.90155012375682,0.665668432519766,1,0
0.672,7.7051324277578,0.664730144736386,1,0
0.673,7.5011106963045,0.663790807253373,1,0
0.674,7.28968627421402,0.662850421554072,1,0
0.675,7.07106781186538,0.661908989123478,1,0
0.676,6.84547105928678,0.660966511448242,1,0
0.677,6.61311865323641,0.660022990016665,1,0
0.678,6.37423989748679,0.659078426318696,1,0
0.679,6.12907053652965,0.65813282184593,1,0
0.68,5.87785252292461,0.657186178091606,1,0
0.681,5.62083377852119,0.656238496550602,1,0
0.682,5.35826794978984,0.655289778719439,1,0
0.683,5.09041415750359,0.654340026096271,1,0
0.684,4.81753674101703,0.653389240180886,1,0
0.685,4.53990499739534,0.652437422474705,1,0
0.686,4.2577929156506,0.651484574480779,1,0
0.687,3.97147890634767,0.650530697703785,1,0
0.688000000000001,3.68124552684665,0.649575793650024,1,0
0.689000000000001,3.38737920245278,0.64861986382742,1,0
0.690000000000001,3.09016994374934,0.647662909745517,1,0
0.691000000000001,2.78991106039215,0.646704932915476,1,0
0.692000000000001,2.48689887164841,0.645745934850073,1,0
0.693000000000001,2.18143241396528,0.644785917063696,1,0
0.694000000000001,1.8738131458571,0.643824881072346,1,0
0.695000000000001,1.56434465040217,0.642862828393629,1,0
0.696000000000001,1.2533323356429,0.641899760546758,1,0
0.697000000000001,0.941083133184998,0.640935679052547,1,0
0.698000000000001,0.627905195292985,0.639970585433414,1,0
0.699000000000001,0.314107590781136,0.639004481213372,1,0
0.700000000000001,-1.49765684549874E-13,0.638037367918033,1,0
0.701000000000001,-0.314107590781435,0.637069247074601,1,0
0.702000000000001,-0.62790519529328,0.636100120211869,1,0
0.703000000000001,-0.941083133185296,0.635129988860223,1,0
0.704000000000001,-1.25333233564319,0.634158854551631,1,0
0.705000000000001,-1.56434465040246,0.633186718819647,1,0
0.706000000000001,-1.87381314585739,0.632213583199407,1,0
0.707000000000001,-2.18143241396557,0.631239449227624,1,0
0.708000000000001,-2.4868988716487,0.630264318442589,1,0
0.709000000000001,-2.78991106039244,0.629288192384166,1,0
0.710000000000001,-3.09016994374962,0.628311072593791,1,0
0.711000000000001,-3.38737920245305,0.627332960614472,1,0
0.712000000000001,-3.68124552684692,0.626353857990778,1,0
0.713000000000001,-3.97147890634794,0.625373766268848,1,0
0.714000000000001,-4.25779291565086,0.624392686996379,1,0
0.715000000000001,-4.53990499739561,0.623410621722631,1,0
0.716000000000001,-4.81753674101729,0.622427571998417,1,0
0.717000000000001,-5.09041415750385,0.621443539376108,1,0
0.718000000000001,-5.3582679497901,0.620458525409626,1,0
0.719000000000001,-5.62083377852144,0.619472531654442,1,0
0.720000000000001,-5.87785252292485,0.618485559667574,1,0
0.721000000000001,-6.12907053652989,0.617497611007587,1,0
0.722000000000001,-6.37423989748702,0.616508687234585,1,0
0.723000000000001,-6.61311865323663,0.615518789910216,1,0
0.724000000000001,-6.845471059287,0.614527920597661,1,0
0.725000000000001,-7.07106781186558,0.613536080861638,1,0
0.726000000000001,-7.28968627421422,0.612543272268399,1,0
0.727000000000001,-7.5011106963047,0.611549496385723,1,0
0.728000000000001,-7.70513242775799,0.610554754782918,1,0
0.729000000000001,-7.901550123757,0.609559049030816,1,0
0.730000000000001,-8.09016994374957,0.608562380701773,1,0
0.731000000000001,-8.27080574274571,0.607564751369664,1,0
0.732000000000001,-8.44327925502023,0.606566162609883,1,0
0.733000000000001,-8.60742027003952,0.605566615999337,1,0
0.734000000000001,-8.76306680043871,0.604566113116447,1,0
0.735000000000001,-8.91006524188375,0.603564655541143,1,0
0.736000000000001,-9.04827052466027,0.602562244854864,1,0
0.737000000000001,-9.17754625683987,0.601558882640552,1,0
0.738000000000001,-9.29776485888257,0.600554570482653,1,0
0.739000000000001,-9.40880768954231,0.599549309967115,1,0
0.740000000000001,-9.51056516295158,0.59854310268138,1,0
0.741000000000001,-9.60293685676947,0.597535950214387,1,0
0.742000000000001,-9.68583161128635,0.596527854156567,1,0
0.743000000000001,-9.75916761938751,0.595518816099841,1,0
0.744000000000001,-9.82287250728692,0.594508837637619,1,0
0.745000000000001,-9.8768834059514,0.593497920364794,1,0
0.746000000000001,-9.9211470131448,0.592486065877741,1,0
0.747000000000001,-9.95561964603082,0.59147327577432,1,0
0.748000000000001,-9.98026728428272,0.590459551653861,1,0
0.749000000000001,-9.99506560365732,0.589444895117175,1,0
0.750000000000001,-10,0.588429307766542,1,0
0.751000000000001,-9.99506560365731,0.587412791205714,1,0
0.752000000000001,-9.98026728428271,0.586395347039909,1,0
0.753000000000001,-9.95561964603078,0.58537697687581,1,0
0.754000000000001,-9.92114701314476,0.584357682321563,1,0
0.755000000000001,-9.87688340595135,0.583337464986773,1,0
0.756000000000001,-9.82287250728686,0.582316326482502,1,0
0.757000000000001,-9.75916761938744,0.581294268421267,1,0
0.758000000000001,-9.68583161128627,0.580271292417038,1,0
0.759000000000001,-9.60293685676938,0.579247400085234,1,0
0.760000000000001,-9.51056516295148,0.578222593042719,1,0
0.761000000000001,-9.4088076895422,0.577196872907805,1,0
0.762000000000001,-9.29776485888245,0.576170241300243,1,0
0.763000000000001,-9.17754625683974,0.575142699841225,1,0
0.764000000000001,-9.04827052466012,0.574114250153379,1,0
0.765000000000001,-8.9100652418836,0.573084893860767,1,0
0.766000000000001,-8.76306680043856,0.572054632588885,1,0
0.767000000000001,-8.60742027003935,0.571023467964654,1,0
0.768000000000001,-8.44327925502006,0.569991401616425,1,0
0.769000000000001,-8.27080574274552,0.56895843517397,1,0
0.770000000000001,-8.09016994374938,0.567924570268485,1,0
0.771000000000001,-7.9015501237568,0.566889808532585,1,0
0.772000000000001,-7.70513242775778,0.565854151600298,1,0
0.773000000000001,-7.50111069630448,0.564817601107069,1,0
0.774000000000001,-7.289686274214,0.563780158689753,1,0
0.775000000000001,-7.07106781186536,0.562741825986612,1,0
0.776000000000001,-6.84547105928677,0.561702604637315,1,0
0.777000000000001,-6.61311865323639,0.560662496282935,1,0
0.778000000000001,-6.37423989748677,0.559621502565945,1,0
0.779000000000001,-6.12907053652962,0.558579625130217,1,0
0.780000000000001,-5.8778525229246,0.557536865621016,1,0
0.781000000000001,-5.62083377852116,0.556493225685002,1,0
0.782000000000001,-5.35826794978982,0.555448706970227,1,0
0.783000000000001,-5.09041415750357,0.554403311126125,1,0
0.784000000000001,-4.817536741017,0.553357039803522,1,0
0.785000000000001,-4.53990499739532,0.552309894654622,1,0
0.786000000000001,-4.25779291565057,0.551261877333009,1,0
0.787000000000001,-3.97147890634765,0.550212989493647,1,0
0.788000000000001,-3.68124552684661,0.549163232792873,1,0
0.789000000000001,-3.38737920245276,0.548112608888395,1,0
0.790000000000001,-3.09016994374931,0.547061119439292,1,0
0.791000000000001,-2.78991106039213,0.54600876610601,1,0
0.792000000000001,-2.48689887164838,0.544955550550359,1,0
0.793000000000001,-2.18143241396525,0.543901474435508,1,0
0.794000000000001,-1.87381314585708,0.542846539425988,1,0
0.795000000000001,-1.56434465040214,0.541790747187686,1,0
0.796000000000001,-1.25333233564287,0.540734099387843,1,0
0.797000000000001,-0.941083133184963,0.539676597695047,1,0
0.798000000000001,-0.627905195292964,0.53861824377924,1,0
0.799000000000001,-0.314107590781106,0.537559039311707,1,0
0.800000000000001,1.74393424900432E-13,0.536498985965076,1,0
0.801000000000001,0.314107590781458,0.535438085413316,1,0
0.802000000000001,0.627905195293308,0.534376339331733,1,0
0.803000000000001,0.941083133185318,0.533313749396971,1,0
0.804000000000001,1.25333233564322,0.532250317287002,1,0
0.805000000000001,1.56434465040248,0.531186044681133,1,0
0.806000000000001,1.87381314585742,0.530120933259994,1,0
0.807000000000001,2.1814324139656,0.529054984705542,1,0
0.808000000000001,2.48689887164872,0.527988200701054,1,0
0.809000000000001,2.78991106039246,0.52692058293113,1,0
0.810000000000001,3.09016994374964,0.525852133081682,1,0
0.811000000000001,3.38737920245308,0.524782852839939,1,0
0.812000000000001,3.68124552684694,0.523712743894441,1,0
0.813000000000001,3.97147890634797,0.522641807935035,1,0
0.814000000000001,4.25779291565089,0.521570046652875,1,0
0.815000000000001,4.53990499739563,0.52049746174042,1,0
0.816000000000001,4.81753674101731,0.519424054891426,1,0
0.817000000000001,5.09041415750387,0.518349827800951,1,0
0.818000000000001,5.35826794979012,0.517274782165344,1,0
0.819000000000001,5.62083377852145,0.51619891968225,1,0
0.820000000000001,5.87785252292488,0.515122242050603,1,0
0.821000000000001,6.12907053652991,0.514044750970623,1,0
0.822000000000001,6.37423989748704,0.512966448143816,1,0
0.823000000000001,6.61311865323666,0.51188733527297,1,0
0.824000000000001,6.84547105928702,0.51080741406215,1,0
0.825000000000001,7.0710678118656,0.509726686216701,1,0
0.826000000000001,7.28968627421424,0.508645153443237,1,0
0.827000000000001,7.50111069630472,0.507562817449648,1,0
0.828000000000001,7.70513242775801,0.506479679945091,1,0
0.829000000000001,7.90155012375702,0.505395742639985,1,0
0.830000000000001,8.09016994374958,0.504311007246017,1,0
0.831000000000001,8.27080574274572,0.503225475476133,1,0
0.832000000000001,8.44327925502025,0.502139149044535,1,0
0.833000000000001,8.60742027003953,0.501052029666679,1,0
0.834000000000001,8.76306680043873,0.499964119059277,1,0
0.835000000000001,8.91006524188376,0.498875418940288,1,0
0.836000000000001,9.04827052466027,0.497785931028918,1,0
0.837000000000001,9.17754625683988,0.496695657045615,1,0
0.838000000000001,9.29776485888258,0.495604598712075,1,0
0.839000000000001,9.40880768954232,0.494512757751224,1,0
0.840000000000001,9.51056516295159,0.49342013588723,1,0
0.841000000000001,9.60293685676948,0.492326734845491,1,0
0.842000000000001,9.68583161128636,0.491232556352636,1,0
0.843000000000001,9.75916761938752,0.490137602136525,1,0
0.844000000000001,9.82287250728692,0.489041873926237,1,0
0.845000000000001,9.87688340595141,0.487945373452077,1,0
0.846000000000001,9.9211470131448,0.486848102445571,1,0
0.847000000000001,9.95561964603082,0.485750062639457,1,0
0.848000000000001,9.98026728428273,0.484651255767692,1,0
0.849000000000001,9.99506560365732,0.48355168356544,1,0
0.850000000000001,10,0.482451347769077,1,0
0.851000000000001,9.99506560365731,0.481350250116184,1,0
0.852000000000001,9.9802672842827,0.480248392345543,1,0
0.853000000000001,9.95561964603078,0.479145776197137,1,0
0.854000000000001,9.92114701314475,0.47804240341215,1,0
0.855000000000001,9.87688340595135,0.476938275732956,1,0
0.856000000000001,9.82287250728685,0.475833394903126,1,0
0.857000000000001,9.75916761938743,0.474727762667415,1,0
0.858000000000001,9.68583161128626,0.473621380771767,1,0
0.859000000000001,9.60293685676938,0.472514250963313,1,0
0.860000000000001,9.51056516295148,0.471406374990359,1,0
0.861000000000001,9.40880768954219,0.470297754602394,1,0
0.862000000000001,9.29776485888244,0.46918839155008,1,0
0.863000000000001,9.17754625683973,0.468078287585254,1,0
0.864000000000001,9.04827052466011,0.466967444460922,1,0
0.865000000000001,8.91006524188359,0.465855863931254,1,0
0.866000000000001,8.76306680043854,0.464743547751589,1,0
0.867000000000001,8.60742027003934,0.463630497678428,1,0
0.868000000000001,8.44327925502005,0.462516715469426,1,0
0.869000000000001,8.27080574274551,0.461402202883398,1,0
0.870000000000001,8.09016994374936,0.460286961680313,1,0
0.871000000000001,7.90155012375679,0.459170993621289,1,0
0.872000000000001,7.70513242775777,0.458054300468589,1,0
0.873000000000001,7.50111069630447,0.456936883985626,1,0
0.874000000000001,7.28968627421398,0.455818745936954,1,0
0.875000000000001,7.07106781186534,0.454699888088264,1,0
0.876000000000001,6.84547105928674,0.453580312206386,1,0
0.877000000000001,6.61311865323637,0.452460020059282,1,0
0.878000000000001,6.37423989748674,0.451339013416048,1,0
0.879000000000001,6.12907053652961,0.450217294046906,1,0
0.880000000000001,5.87785252292457,0.449094863723203,1,0
0.881000000000001,5.62083377852114,0.447971724217411,1,0
0.882000000000001,5.3582679497898,0.446847877303119,1,0
0.883000000000001,5.09041415750354,0.445723324755037,1,0
0.884000000000001,4.81753674101698,0.444598068348984,1,0
0.885000000000001,4.53990499739529,0.443472109861896,1,0
0.886000000000001,4.25779291565055,0.442345451071814,1,0
0.887000000000001,3.97147890634762,0.441218093757886,1,0
0.888000000000001,3.6812455268466,0.440090039700364,1,0
0.889000000000001,3.38737920245273,0.438961290680598,1,0
0.890000000000001,3.09016994374929,0.437831848481038,1,0
0.891000000000001,2.7899110603921,0.436701714885226,1,0
0.892000000000001,2.48689887164835,0.435570891677798,1,0
0.893000000000001,2.18143241396523,0.434439380644479,1,0
0.894000000000001,1.87381314585705,0.433307183572078,1,0
0.895000000000001,1.56434465040211,0.432174302248489,1,0
0.896000000000001,1.25333233564284,0.431040738462688,1,0
0.897000000000001,0.941083133184945,0.429906494004724,1,0
0.898000000000001,0.627905195292936,0.428771570665726,1,0
0.899000000000001,0.314107590781083,0.427635970237891,1,0
0.900000000000001,-1.98615497633381E-13,0.42649969451449,1,1
0.901000000000001,-0.314107590781484,0.425362745289854,1,1
0.902000000000001,-0.627905195293337,0.424225124359384,1,1
0.903000000000001,-0.941083133185344,0.423086833519537,1,1
0.904000000000001,-1.25333233564325,0.42194787456783,1,1
0.905000000000001,-1.56434465040251,0.420808249302835,1,1
0.906000000000001,-1.87381314585744,0.419667959524174,1,1
0.907000000000001,-2.18143241396562,0.418527007032524,1,1
0.908000000000001,-2.48689887164874,0.417385393629602,1,1
0.909000000000001,-2.78991106039249,0.41624312111817,1,1
0.910000000000001,-3.09016994374967,0.415100191302036,1,1
0.911000000000001,-3.38737920245311,0.41395660598604,1,1
0.912000000000001,-3.68124552684697,0.412812366976059,1,1
0.913000000000001,-3.971478906348,0.411667476079004,1,1
0.914000000000001,-4.25779291565091,0.410521935102812,1,1
0.915000000000001,-4.53990499739565,0.409375745856451,1,1
0.916000000000001,-4.81753674101734,0.408228910149908,1,1
0.917000000000001,-5.09041415750389,0.407081429794194,1,1
0.918000000000001,-5.35826794979014,0.405933306601338,1,1
0.919000000000001,-5.62083377852147,0.404784542384382,1,1
0.920000000000001,-5.8778525229249,0.403635138957382,1,1
0.921000000000001,-6.12907053652993,0.402485098135403,1,1
0.922000000000001,-6.37423989748706,0.401334421734516,1,1
0.923000000000001,-6.61311865323668,0.400183111571797,1,1
0.924000000000001,-6.84547105928704,0.399031169465321,1,1
0.925000000000001,-7.07106781186563,0.397878597234161,1,1
0.926000000000001,-7.28968627421426,0.396725396698388,1,1
0.927000000000001,-7.50111069630473,0.395571569679063,1,1
0.928000000000001,-7.70513242775802,0.394417117998234,1,1
0.929000000000001,-7.90155012375703,0.39326204347894,1,1
0.930000000000001,-8.0901699437496,0.3921063479452,1,1
0.931000000000001,-8.27080574274574,0.390950033222015,1,1
0.932000000000001,-8.44327925502026,0.389793101135365,1,1
0.933000000000001,-8.60742027003954,0.388635553512203,1,1
0.934000000000001,-8.76306680043874,0.387477392180454,1,1
0.935000000000001,-8.91006524188377,0.386318618969014,1,1
0.936000000000001,-9.04827052466029,0.385159235707744,1,1
0.937000000000001,-9.1775462568399,0.383999244227468,1,1
0.938000000000001,-9.29776485888259,0.38283864635997,1,1
0.939000000000001,-9.40880768954233,0.381677443937993,1,1
0.940000000000001,-9.5105651629516,0.380515638795236,1,1
0.941000000000001,-9.60293685676949,0.379353232766345,1,1
0.942000000000001,-9.68583161128636,0.37819022768692,1,1
0.943000000000001,-9.75916761938752,0.377026625393503,1,1
0.944000000000001,-9.82287250728693,0.375862427723583,1,1
0.945000000000001,-9.87688340595141,0.374697636515585,1,1
0.946000000000001,-9.92114701314481,0.373532253608874,1,1
0.947000000000001,-9.95561964603082,0.372366280843749,1,1
0.948000000000001,-9.98026728428273,0.37119972006144,1,1
0.949000000000001,-9.99506560365732,0.370032573104104,1,1
0.950000000000001,-10,0.368864841814829,1,1
0.951000000000001,-9.99506560365731,0.367696528037619,1,1
0.952000000000001,-9.9802672842827,0.366527633617403,1,1
0.953000000000001,-9.95561964603078,0.365358160400023,1,1
0.954000000000001,-9.92114701314475,0.364188110232238,1,1
0.955000000000001,-9.87688340595134,0.363017484961716,1,1
0.956000000000001,-9.82287250728685,0.361846286437035,1,1
0.957000000000001,-9.75916761938743,0.360674516507677,1,1
0.958000000000001,-9.68583161128626,0.359502177024027,1,1
0.959000000000001,-9.60293685676937,0.358329269837369,1,1
0.960000000000001,-9.51056516295147,0.357155796799883,1,1
0.961000000000001,-9.40880768954218,0.355981759764643,1,1
0.962000000000001,-9.29776485888243,0.354807160585614,1,1
0.963000000000001,-9.17754625683972,0.353632001117649,1,1
0.964000000000001,-9.0482705246601,0.352456283216485,1,1
0.965000000000001,-8.91006524188358,0.35128000873874,1,1
0.966000000000001,-8.76306680043853,0.350103179541913,1,1
0.967000000000001,-8.60742027003933,0.348925797484378,1,1
0.968000000000001,-8.44327925502003,0.347747864425382,1,1
0.969000000000001,-8.2708057427455,0.346569382225041,1,1
0.970000000000001,-8.09016994374934,0.34539035274434,1,1
0.971000000000001,-7.90155012375677,0.344210777845128,1,1
0.972000000000001,-7.70513242775775,0.343030659390114,1,1
0.973000000000001,-7.50111069630445,0.341849999242866,1,1
0.974000000000001,-7.28968627421396,0.340668799267809,1,1
0.975000000000001,-7.07106781186532,0.339487061330217,1,1
0.976000000000001,-6.84547105928673,0.338304787296217,1,1
0.977000000000001,-6.61311865323635,0.33712197903278,1,1
0.978000000000001,-6.37423989748673,0.335938638407722,1,1
0.979000000000001,-6.12907053652959,0.3347547672897,1,1
0.980000000000001,-5.87785252292455,0.333570367548208,1,1
0.981000000000001,-5.62083377852112,0.332385441053573,1,1
0.982000000000001,-5.35826794978978,0.331199989676958,1,1
0.983000000000001,-5.09041415750352,0.330014015290353,1,1
0.984000000000001,-4.81753674101696,0.328827519766571,1,1
0.985000000000001,-4.53990499739527,0.327640504979251,1,1
0.986000000000001,-4.25779291565052,0.326452972802853,1,1
0.987000000000001,-3.97147890634759,0.32526492511265,1,1
0.988000000000001,-3.68124552684657,0.324076363784734,1,1
0.989000000000001,-3.38737920245271,0.322887290696003,1,1
0.990000000000001,-3.09016994374926,0.321697707724168,1,1
0.991000000000001,-2.78991106039207,0.320507616747742,1,1
0.992000000000001,-2.48689887164833,0.319317019646041,1,1
0.993000000000001,-2.18143241396521,0.318125918299181,1,1
0.994000000000001,-1.87381314585703,0.316934314588072,1,1
0.995000000000001,-1.56434465040208,0.315742210394419,1,1
0.996000000000001,-1.25333233564281,0.31454960760072,1,1
0.997000000000001,-0.941083133184919,0.313356508090255,1,1
0.998000000000001,-0.627905195292911,0.312162913747091,1,1
0.999000000000001,-0.314107590781053,0.310968826456078,1,1
1,1.91832767390475E-13,0.309774248102842,1,1
1.001,0.31410759078144,0.308579180573784,1,1
1.002,0.627905195293256,0.307383625756082,1,1
1.003,0.941083133185231,0.306187585537677,1,1
1.004,1.2533323356431,0.304991061807281,1,1
1.005,1.56434465040233,0.303794056454368,1,1
1.006,1.87381314585723,0.302596571369173,1,1
1.007,2.18143241396538,0.301398608442689,1,1
1.008,2.48689887164847,0.300200169566663,1,1
1.009,2.78991106039218,0.299001256633591,1,1
1.01,3.09016994374933,0.297801871536724,1,1
1.011,3.38737920245274,0.296602016170052,1,1
1.012,3.68124552684657,0.295401692428312,1,1
1.013,3.97147890634757,0.294200902206978,1,1
1.014,4.25779291565046,0.292999647402263,1,1
1.015,4.53990499739518,0.29179792991111,1,1
1.016,4.81753674101684,0.290595751631197,1,1
1.017,5.09041415750337,0.289393114460927,1,1
1.018,5.3582679497896,0.288190020299428,1,1
1.019,5.62083377852092,0.28698647104655,1,1
1.02,5.87785252292433,0.285782468602862,1,1
1.021,6.12907053652934,0.284578014869647,1,1
1.022,6.37423989748646,0.283373111748903,1,1
1.023,6.61311865323607,0.282167761143336,1,1
1.024,6.84547105928642,0.28096196495636,1,1
1.025,7.071067811865,0.279755725092091,1,1
1.026,7.28968627421363,0.278549043455346,1,1
1.027,7.5011106963041,0.27734192195164,1,1
1.028,7.7051324277574,0.276134362487184,1,1
1.029,7.90155012375641,0.274926366968878,1,1
1.03,8.09016994374898,0.273717937304312,1,1
1.031,8.27080574274512,0.272509075401761,1,1
1.032,8.44327925501966,0.271299783170184,1,1
1.033,8.60742027003895,0.270090062519218,1,1
1.034,8.76306680043816,0.268879915359177,1,1
1.035,8.91006524188322,0.267669343601048,1,1
1.036,9.04827052465975,0.266458349156489,1,1
1.037,9.17754625683938,0.265246933937828,1,1
1.038,9.2977648588821,0.264035099858052,1,1
1.039,9.40880768954186,0.262822848830813,1,1
1.04,9.51056516295117,0.261610182770422,1,1
1.041,9.60293685676909,0.260397103591843,1,1
1.042,9.685831611286,0.259183613210695,1,1
1.043,9.75916761938719,0.257969713543244,1,1
1.044,9.82287250728664,0.256755406506403,1,1
1.045,9.87688340595116,0.255540694017729,1,1
1.046,9.9211470131446,0.254325577995419,1,1
1.047,9.95561964603067,0.253110060358306,1,1
1.048,9.98026728428262,0.25189414302586,1,1
1.049,9.99506560365727,0.250677827918179,1,1
1.05,10,0.249461116955992,1,1
1.051,9.99506560365736,0.24824401206065,1,1
1.05199999999999,9.98026728428282,0.247026515154128,1,1
1.05299999999999,9.95561964603095,0.245808628159021,1,1
1.05399999999999,9.92114701314499,0.244590352998539,1,1
1.05499999999999,9.87688340595165,0.243371691596503,1,1
1.05599999999999,9.82287250728722,0.242152645877346,1,1
1.05699999999999,9.75916761938786,0.240933217766109,1,1
1.05799999999999,9.68583161128676,0.239713409188435,1,1
1.05899999999999,9.60293685676995,0.238493222070568,1,1
1.05999999999999,9.51056516295212,0.237272658339349,1,1
1.06099999999999,9.40880768954291,0.236051719922216,1,1
1.06199999999999,9.29776485888323,0.234830408747197,1,1
1.06299999999999,9.1775462568406,0.233608726742909,1,1
1.06399999999999,9.04827052466106,0.232386675838555,1,1
1.06499999999999,8.91006524188461,0.231164257963919,1,1
1.06599999999999,8.76306680043965,0.229941475049368,1,1
1.06699999999999,8.60742027004052,0.228718329025841,1,1
1.06799999999999,8.44327925502131,0.227494821824854,1,1
1.06899999999999,8.27080574274685,0.22627095537849,1,1
1.06999999999999,8.09016994375078,0.225046731619402,1,1
1.07099999999999,7.90155012375829,0.223822152480808,1,1
1.07199999999999,7.70513242775936,0.222597219896484,1,1
1.07299999999999,7.50111069630614,0.221371935800765,1,1
1.07399999999999,7.28968627421574,0.220146302128544,1,1
1.07499999999999,7.07106781186717,0.218920320815263,1,1
1.07599999999999,6.84547105928866,0.217693993796913,1,1
1.07699999999999,6.61311865323837,0.216467323010032,1,1
1.07799999999999,6.37423989748883,0.215240310391701,1,1
1.07899999999999,6.12907053653178,0.214012957879542,1,1
1.07999999999999,5.87785252292682,0.212785267411709,1,1
1.08099999999999,5.62083377852346,0.211557240926895,1,1
1.08199999999999,5.3582679497922,0.21032888036432,1,1
1.08299999999999,5.09041415750602,0.209100187663734,1,1
1.08399999999999,4.81753674101953,0.20787116476541,1,1
1.08499999999999,4.53990499739792,0.206641813610145,1,1
1.08599999999999,4.25779291565325,0.205412136139248,1,1
1.08699999999999,3.97147890635039,0.204182134294551,1,1
1.08799999999999,3.68124552684943,0.202951810018394,1,1
1.08899999999999,3.38737920245563,0.201721165253627,1,1
1.08999999999999,3.09016994375225,0.200490201943606,1,1
1.09099999999999,2.78991106039513,0.199258922032189,1,1
1.09199999999999,2.48689887165145,0.198027327463737,1,1
1.09299999999999,2.18143241396838,0.196795420183105,1,1
1.09399999999999,1.87381314586025,0.195563202135642,1,1
1.09499999999999,1.56434465040537,0.194330675267189,1,1
1.09599999999999,1.25333233564615,0.193097841524075,1,1
1.09699999999999,0.941083133188296,0.191864702853111,1,1
1.09799999999999,0.627905195296327,0.190631261201594,1,1
1.09899999999999,0.314107590784514,0.189397518517293,1,1
1.09999999999999,3.26972123129561E-12,0.18816347674846,1,1
1.10099999999999,-0.314107590777982,0.186929137843813,1,1
1.10199999999999,-0.627905195289805,0.185694503752542,1,1
1.10299999999999,-0.941083133181785,0.184459576424303,1,1
1.10399999999999,-1.25333233563966,0.183224357809215,1,1
1.10499999999999,-1.56434465039891,0.181988849857856,1,1
1.10599999999999,-1.87381314585383,0.180753054521263,1,1
1.10699999999999,-2.181432413962,0.179516973750924,1,1
1.10799999999999,-2.48689887164512,0.178280609498781,1,1
1.10899999999999,-2.78991106038886,0.17704396371722,1,1
1.10999999999999,-3.09016994374604,0.175807038359075,1,1
1.11099999999999,-3.38737920244948,0.174569835377619,1,1
1.11199999999999,-3.68124552684336,0.173332356726565,1,1
1.11299999999999,-3.97147890634439,0.172094604360061,1,1
1.11399999999999,-4.25779291564733,0.170856580232686,1,1
1.11499999999999,-4.5399049973921,0.16961828629945,1,1
1.11599999999999,-4.8175367410138,0.168379724515786,1,1
1.11699999999999,-5.09041415750039,0.167140896837555,1,1
1.11799999999999,-5.35826794978668,0.165901805221034,1,1
1.11899999999999,-5.62083377851806,0.164662451622917,1,1
1.11999999999999,-5.87785252292153,0.163422838000313,1,1
1.12099999999999,-6.1290705365266,0.162182966310742,1,1
1.12199999999999,-6.37423989748379,0.160942838512129,1,1
1.12299999999999,-6.61311865323347,0.159702456562806,1,1
1.12399999999999,-6.84547105928389,0.158461822421506,1,1
1.12499999999999,-7.07106781186255,0.157220938047358,1,1
1.12599999999999,-7.28968627421126,0.155979805399889,1,1
1.12699999999999,-7.50111069630181,0.154738426439017,1,1
1.12799999999999,-7.70513242775519,0.153496803125048,1,1
1.12899999999999,-7.90155012375429,0.152254937418675,1,1
1.12999999999999,-8.09016994374694,0.151012831280974,1,1
1.13099999999999,-8.27080574274317,0.149770486673399,1,1
1.13199999999999,-8.44327925501781,0.148527905557784,1,1
1.13299999999999,-8.60742027003719,0.147285089896331,1,1
1.13399999999999,-8.76306680043649,0.146042041651618,1,1
1.13499999999999,-8.91006524188164,0.144798762786586,1,1
1.13599999999999,-9.04827052465827,0.143555255264544,1,1
1.13699999999999,-9.177546256838,0.142311521049159,1,1
1.13799999999999,-9.29776485888083,0.141067562104457,1,1
1.13899999999999,-9.40880768954069,0.13982338039482,1,1
1.13999999999999,-9.5105651629501,0.138578977884979,1,1
1.14099999999999,-9.60293685676812,0.137334356540017,1,1
1.14199999999999,-9.68583161128514,0.13608951832536,1,1
1.14299999999998,-9.75916761938644,0.134844465206778,1,1
1.14399999999998,-9.82287250728599,0.13359919915038,1,1
1.14499999999998,-9.87688340595062,0.13235372212261,1,1
1.14599999999998,-9.92114701314417,0.131108036090247,1,1
1.14699999999998,-9.95561964603034,0.1298621430204,1,1
1.14799999999998,-9.98026728428241,0.128616044880503,1,1
1.14899999999998,-9.99506560365716,0.127369743638316,1,1
1.14999999999998,-10,0.126123241261917,1,1
1.15099999999998,-9.99506560365747,0.124876539719706,1,1
1.15199999999998,-9.98026728428303,0.123629640980393,1,1
1.15299999999998,-9.95561964603128,0.122382547013002,1,1
1.15399999999998,-9.92114701314542,0.121135259786865,1,1
1.15499999999998,-9.87688340595219,0.119887781271618,1,1
1.15599999999998,-9.82287250728786,0.1186401134372,1,1
1.15699999999998,-9.75916761938862,0.117392258253849,1,1
1.15799999999998,-9.68583161128762,0.116144217692098,1,1
1.15899999999998,-9.60293685677091,0.114895993722774,1,1
1.15999999999998,-9.51056516295319,0.113647588316994,1,1
1.16099999999998,-9.40880768954408,0.112399003446159,1,1
1.16199999999998,-9.2977648588845,0.111150241081956,1,1
1.16299999999998,-9.17754625684198,0.10990130319635,1,1
1.16399999999998,-9.04827052466253,0.108652191761585,1,1
1.16499999999998,-8.91006524188619,0.107402908750179,1,1
1.16599999999998,-8.76306680044131,0.10615345613492,1,1
1.16699999999998,-8.60742027004228,0.104903835888864,1,1
1.16799999999998,-8.44327925502317,0.103654049985333,1,1
1.16899999999998,-8.2708057427488,0.102404100397908,1,1
1.16999999999998,-8.09016994375282,0.10115398910043,1,1
1.17099999999998,-7.90155012376042,0.099903718066997,1,1
1.17199999999998,-7.70513242776156,0.098653289271956,1,1
1.17299999999998,-7.50111069630842,0.0974027046899063,1,1
1.17399999999998,-7.28968627421811,0.0961519662956903,1,1
1.17499999999998,-7.07106781186962,0.0949010760643952,1,1
1.17599999999998,-6.84547105929118,0.0936500359713468,1,1
1.17699999999998,-6.61311865324097,0.0923988479921092,1,1
1.17799999999998,-6.37423989749149,0.0911475141024786,1,1
1.17899999999998,-6.12907053653451,0.0898960362784823,1,1
1.17999999999998,-5.87785252292962,0.0886444164963733,1,1
1.18099999999998,-5.62083377852633,0.0873926567326315,1,1
1.18199999999998,-5.35826794979513,0.0861407589639559,1,1
1.18299999999998,-5.090414157509,0.0848887251672641,1,1
1.18399999999998,-4.81753674102256,0.0836365573196881,1,1
1.18499999999998,-4.539904997401,0.0823842573985721,1,1
1.18599999999998,-4.25779291565638,0.0811318273814685,1,1
1.18699999999998,-3.97147890635357,0.0798792692461353,1,1
1.18799999999998,-3.68124552685266,0.0786265849705327,1,1
1.18899999999998,-3.38737920245889,0.0773737765328198,1,1
1.18999999999998,-3.09016994375554,0.0761208459113529,1,1
1.19099999999998,-2.78991106039845,0.0748677950846805,1,1
1.19199999999998,-2.4868988716548,0.0736146260315401,1,1
1.19299999999998,-2.18143241397176,0.0723613407308566,1,1
1.19399999999998,-1.87381314586366,0.0711079411617394,1,1
1.19499999999998,-1.56434465040879,0.0698544293034773,1,1
1.19599999999998,-1.25333233564958,0.0686008071355363,1,1
1.19699999999998,-0.941083133191737,0.0673470766375571,1,1
1.19799999999998,-0.627905195299781,0.0660932397893513,1,1
1.19899999999998,-0.314107590787977,0.0648392985708984,1,1
1.19999999999998,-6.73484171492524E-12,0.0635852549623427,1,1
1.20099999999998,0.31410759077452,0.0623311109439902,1,1
1.20199999999998,0.627905195286346,0.0610768684963052,1,1
1.20299999999998,0.941083133178338,0.0598225295999089,1,1
1.20399999999998,1.25333233563623,0.0585680962355724,1,1
1.20499999999998,1.56434465039549,0.0573135703842176,1,1
1.20599999999998,1.87381314585043,0.0560589540269116,1,1
1.20699999999998,2.18143241395862,0.0548042491448658,1,1
1.20799999999998,2.48689887164176,0.0535494577194304,1,1
1.20899999999998,2.78991106038553,0.0522945817320916,1,1
1.20999999999998,3.09016994374274,0.0510396231644698,1,1
1.21099999999998,3.38737920244622,0.0497845839983167,1,1
1.21199999999998,3.68124552684013,0.04852946621551,1,1
1.21299999999998,3.97147890634122,0.0472742717980522,1,1
1.21399999999998,4.2577929156442,0.0460190027280663,1,1
1.21499999999998,4.53990499738901,0.0447636609877938,1,1
1.21599999999998,4.81753674101077,0.0435082485595904,1,1
1.21699999999998,5.09041415749741,0.0422527674259239,1,1
1.21799999999998,5.35826794978376,0.0409972195693702,1,1
1.21899999999998,5.62083377851519,0.0397416069726105,1,1
1.21999999999998,5.87785252291873,0.0384859316184296,1,1
1.22099999999998,6.12907053652387,0.0372301954897091,1,1
1.22199999999998,6.37423989748112,0.0359744005694281,1,1
1.22299999999998,6.61311865323087,0.0347185488406578,1,1
1.22399999999998,6.84547105928137,0.0334626422865603,1,1
1.22499999999998,7.0710678118601,0.0322066828903832,1,1
1.22599999999998,7.28968627420889,0.0309506726354581,1,1
1.22699999999998,7.50111069629953,0.0296946135051954,1,1
1.22799999999998,7.70513242775298,0.0284385074830852,1,1
1.22899999999998,7.90155012375216,0.0271823565526899,1,1
1.22999999999998,8.09016994374491,0.0259261626976434,1,1
1.23099999999998,8.27080574274123,0.0246699279016471,1,1
1.23199999999998,8.44327925501595,0.0234136541484673,1,1
1.23299999999998,8.60742027003543,0.0221573434219317,1,1
1.23399999999997,8.76306680043483,0.0209009977059265,1,1
1.23499999999997,8.91006524188007,0.0196446189843929,1,1
1.23599999999997,9.0482705246568,0.0183882092413242,1,1
1.23699999999997,9.17754625683663,0.0171317704607635,1,1
1.23799999999997,9.29776485887955,0.0158753046267994,1,1
1.23899999999997,9.40880768953952,0.0146188137235618,1,1
1.23999999999997,9.51056516294903,0.0133622997352215,1,1
1.24099999999997,9.60293685676716,0.0121057646459865,1,1
1.24199999999997,9.68583161128428,0.0108492104400967,1,1
1.24299999999997,9.75916761938568,0.0095926391018228,1,1
1.24399999999997,9.82287250728534,0.00833605261546235,1,1
1.24499999999997,9.87688340595008,0.00707945296533697,1,1
1.24599999999997,9.92114701314373,0.00582284213578905,1,1
1.24699999999997,9.95561964603001,0.0045662221111786,1,1
1.24799999999997,9.98026728428219,0.00330959487588016,1,1
1.24899999999997,9.99506560365705,0.00205296241427922,1,1
1.24999999999997,10,0.000796326710771294,1,1
1.25099999999997,9.99506560365758,-0.000460310250245648,1,1
1.25199999999997,9.98026728428325,-0.00171694648436987,1,1
1.25299999999997,9.95561964603161,-0.00297358000720169,1,1
1.25399999999997,9.92114701314586,-0.00423020883434434,1,1
1.25499999999997,9.87688340595273,-0.00548683098140984,1,1
1.25599999999997,9.82287250728851,-0.00674344446401984,1,1
1.25699999999997,9.75916761938937,-0.00800004729781147,1,1
1.25799999999997,9.68583161128849,-0.00925663749843599,1,1
1.25899999999997,9.60293685677188,-0.0105132130815664,1,1
1.25999999999997,9.51056516295426,-0.0117697720628983,1,1
1.26099999999997,9.40880768954525,-0.0130263124581537,1,1
1.26199999999997,9.29776485888578,-0.0142828322830836,1,1
1.26299999999997,9.17754625684335,-0.0155393295534718,1,1
1.26399999999997,9.04827052466401,-0.0167958022851375,1,1
1.26499999999997,8.91006524188776,-0.0180522484939389,1,1
1.26599999999997,8.76306680044298,-0.0193086661957763,1,1
1.26699999999997,8.60742027004404,-0.0205650534065933,1,1
1.26799999999997,8.44327925502502,-0.0218214081423843,1,1
1.26899999999997,8.27080574275075,-0.0230777284191934,1,1
1.26999999999997,8.09016994375486,-0.0243340122531197,1,1
1.27099999999997,7.90155012376254,-0.0255902576603187,1,1
1.27199999999997,7.70513242776377,-0.0268464626570079,1,1
1.27299999999997,7.50111069631072,-0.0281026252594677,1,1
1.27399999999997,7.28968627422048,-0.0293587434840472,1,1
1.27499999999997,7.07106781187207,-0.0306148153471629,1,1
1.27599999999997,6.84547105929371,-0.0318708388653063,1,1
1.27699999999997,6.61311865324357,-0.033126812055045,1,1
1.27799999999997,6.37423989749417,-0.0343827329330257,1,1
1.27899999999997,6.12907053653725,-0.035638599515978,1,1
1.27999999999997,5.87785252293242,-0.0368944098207171,1,1
1.28099999999997,5.62083377852919,-0.0381501618641471,1,1
1.28199999999997,5.35826794979805,-0.0394058536632643,1,1
1.28299999999997,5.09041415751198,-0.0406614832351601,1,1
1.28399999999997,4.8175367410256,-0.0419170485970234,1,1
1.28499999999997,4.53990499740409,-0.0431725477661449,1,1
1.28599999999997,4.25779291565951,-0.0444279787599211,1,1
1.28699999999997,3.97147890635675,-0.045683339595855,1,1
1.28799999999997,3.68124552685587,-0.0469386282915596,1,1
1.28899999999997,3.38737920246215,-0.0481938428647632,1,1
1.28999999999997,3.09016994375884,-0.0494489813333106,1,1
1.29099999999997,2.78991106040178,-0.0507040417151669,1,1
1.29199999999997,2.48689887165815,-0.0519590220284204,1,1
1.29299999999997,2.18143241397514,-0.0532139202912859,1,1
1.29399999999997,1.87381314586706,-0.0544687345221078,1,1
1.29499999999997,1.56434465041221,-0.0557234627393631,1,1
1.29599999999997,1.25333233565302,-0.0569781029616651,1,1
1.29699999999997,0.941083133195188,-0.0582326532077643,1,1
1.29799999999997,0.627905195303241,-0.0594871114965565,1,1
1.29899999999997,0.314107590791434,-0.0607414758470793,1,1
1.29999999999997,1.01930720128581E-11,-0.0619957442785204,1,1
1.30099999999997,-0.314107590771058,-0.0632499148102195,1,1
1.30199999999997,-0.627905195282895,-0.0645039854616698,1,1
1.30299999999997,-0.941083133174893,-0.0657579542525224,1,1
1.30399999999997,-1.25333233563279,-0.06701181920259,1,1
1.30499999999997,-1.56434465039207,-0.0682655783318478,1,1
1.30599999999997,-1.87381314584703,-0.0695192296604394,1,1
1.30699999999997,-2.18143241395524,-0.0707727712086782,1,1
1.30799999999997,-2.48689887163841,-0.0720262009970511,1,1
1.30899999999997,-2.78991106038221,-0.0732795170462217,1,1
1.30999999999997,-3.09016994373945,-0.0745327173770321,1,1
1.31099999999997,-3.38737920244297,-0.0757858000105082,1,1
1.31199999999997,-3.68124552683692,-0.0770387629678613,1,1
1.31299999999997,-3.97147890633804,-0.0782916042704925,1,1
1.31399999999997,-4.25779291564107,-0.0795443219399941,1,1
1.31499999999997,-4.53990499738592,-0.0807969139981538,1,1
1.31599999999997,-4.81753674100774,-0.0820493784669579,1,1
1.31699999999997,-5.09041415749444,-0.0833017133685943,1,1
1.31799999999997,-5.35826794978083,-0.0845539167254545,1,1
1.31899999999997,-5.62083377851233,-0.0858059865601389,1,1
1.31999999999997,-5.87785252291593,-0.0870579208954583,1,1
1.32099999999997,-6.12907053652114,-0.0883097177544375,1,1
1.32199999999997,-6.37423989747846,-0.0895613751603189,1,1
1.32299999999997,-6.61311865322828,-0.0908128911365628,1,1
1.32399999999996,-6.84547105927885,-0.0920642637068568,1,1
1.32499999999996,-7.07106781185766,-0.0933154908951124,1,1
1.32599999999996,-7.28968627420652,-0.0945665707254703,1,1
1.32699999999996,-7.50111069629724,-0.0958175012223049,1,1
1.32799999999996,-7.70513242775078,-0.0970682804102264,1,1
1.32899999999996,-7.90155012375004,-0.0983189063140837,1,1
1.32999999999996,-8.09016994374287,-0.0995693769589682,1,1
1.33099999999996,-8.27080574273929,-0.100819690370215,1,1
1.33199999999996,-8.44327925501409,-0.102069844573409,1,1
1.33299999999996,-8.60742027003367,-0.103319837594387,1,1
1.33399999999996,-8.76306680043316,-0.104569667459238,1,1
1.33499999999996,-8.9100652418785,-0.105819332194311,1,1
1.33599999999996,-9.04827052465532,-0.107068829826214,1,1
1.33699999999996,-9.17754625683525,-0.108318158381821,1,1
1.33799999999996,-9.29776485887828,-0.109567315888271,1,1
1.33899999999996,-9.40880768953834,-0.110816300372973,1,1
1.33999999999996,-9.51056516294796,-0.112065109863611,1,1
1.34099999999996,-9.60293685676619,-0.113313742388144,1,1
1.34199999999996,-9.68583161128341,-0.114562195974811,1,1
1.34299999999996,-9.75916761938492,-0.115810468652133,1,1
1.34399999999996,-9.82287250728469,-0.117058558448917,1,1
1.34499999999996,-9.87688340594954,-0.11830646339426,1,1
1.34599999999996,-9.9211470131433,-0.119554181517548,1,1
1.34699999999996,-9.95561964602969,-0.120801710848465,1,1
1.34799999999996,-9.98026728428197,-0.122049049416991,1,1
1.34899999999996,-9.99506560365694,-0.12329619525341,1,1
1.34999999999996,-10,-0.124543146388306,1,1
1.35099999999996,-9.99506560365769,-0.125789900852575,1,1
1.35199999999996,-9.98026728428347,-0.127036456677421,1,1
1.35299999999996,-9.95561964603193,-0.128282811894361,1,1
1.35399999999996,-9.92114701314629,-0.129528964535231,1,1
1.35499999999996,-9.87688340595327,-0.130774912632186,1,1
1.35599999999996,-9.82287250728916,-0.132020654217704,1,1
1.35699999999996,-9.75916761939013,-0.133266187324588,1,1
1.35799999999996,-9.68583161128935,-0.134511509985972,1,1
1.35899999999996,-9.60293685677285,-0.135756620235322,1,1
1.35999999999996,-9.51056516295533,-0.137001516106437,1,1
1.36099999999996,-9.40880768954642,-0.138246195633459,1,1
1.36199999999996,-9.29776485888705,-0.139490656850868,1,1
1.36299999999996,-9.17754625684472,-0.140734897793489,1,1
1.36399999999996,-9.04827052466548,-0.141978916496498,1,1
1.36499999999996,-8.91006524188933,-0.143222710995417,1,1
1.36599999999996,-8.76306680044465,-0.144466279326127,1,1
1.36699999999996,-8.6074202700458,-0.145709619524862,1,1
1.36799999999996,-8.44327925502687,-0.146952729628219,1,1
1.36899999999996,-8.27080574275269,-0.148195607673158,1,1
1.36999999999996,-8.09016994375689,-0.149438251697004,1,1
1.37099999999996,-7.90155012376466,-0.150680659737452,1,1
1.37199999999996,-7.70513242776598,-0.151922829832572,1,1
1.37299999999996,-7.501110696313,-0.153164760020806,1,1
1.37399999999996,-7.28968627422284,-0.154406448340978,1,1
1.37499999999996,-7.07106781187452,-0.155647892832292,1,1
1.37599999999996,-6.84547105929623,-0.156889091534337,1,1
1.37699999999996,-6.61311865324616,-0.158130042487093,1,1
1.37799999999996,-6.37423989749683,-0.159370743730928,1,1
1.37899999999996,-6.12907053653998,-0.160611193306604,1,1
1.37999999999996,-5.87785252293521,-0.161851389255283,1,1
1.38099999999996,-5.62083377853206,-0.163091329618527,1,1
1.38199999999996,-5.35826794980096,-0.164331012438299,1,1
1.38299999999996,-5.09041415751497,-0.165570435756972,1,1
1.38399999999996,-4.81753674102863,-0.166809597617328,1,1
1.38499999999996,-4.53990499740717,-0.168048496062561,1,1
1.38599999999996,-4.25779291566265,-0.169287129136279,1,1
1.38699999999996,-3.97147890635992,-0.170525494882514,1,1
1.38799999999996,-3.68124552685908,-0.171763591345716,1,1
1.38899999999996,-3.38737920246541,-0.173001416570763,1,1
1.38999999999996,-3.09016994376213,-0.174238968602959,1,1
1.39099999999996,-2.7899110604051,-0.17547624548804,1,1
1.39199999999996,-2.48689887166151,-0.176713245272178,1,1
1.39299999999996,-2.18143241397851,-0.17794996600198,1,1
1.39399999999996,-1.87381314587045,-0.179186405724497,1,1
1.39499999999996,-1.56434465041563,-0.180422562487221,1,1
1.39599999999996,-1.25333233565645,-0.181658434338091,1,1
1.39699999999996,-0.941083133198634,-0.182894019325499,1,1
1.39799999999996,-0.627905195306695,-0.184129315498285,1,1
1.39899999999996,-0.314107590794893,-0.18536432090575,1,1
1.39999999999996,-1.36626333885862E-11,-0.186599033597649,1,1
1.40099999999996,0.3141075907676,-0.187833451624205,1,1
1.40199999999996,0.627905195279437,-0.189067573036102,1,1
1.40299999999996,0.941083133171445,-0.190301395884495,1,1
1.40399999999996,1.25333233562936,-0.191534918221007,1,1
1.40499999999996,1.56434465038865,-0.19276813809774,1,1
1.40599999999996,1.87381314584363,-0.194001053567271,1,1
1.40699999999996,2.18143241395186,-0.195233662682657,1,1
1.40799999999996,2.48689887163505,-0.196465963497442,1,1
1.40899999999996,2.78991106037888,-0.197697954065653,1,1
1.40999999999996,3.09016994373616,-0.19892963244181,1,1
1.41099999999996,3.38737920243971,-0.200160996680925,1,1
1.41199999999996,3.6812455268337,-0.201392044838504,1,1
1.41299999999996,3.97147890633486,-0.202622774970555,1,1
1.41399999999996,4.25779291563793,-0.203853185133587,1,1
1.41499999999995,4.53990499738284,-0.205083273384614,1,1
1.41599999999995,4.8175367410047,-0.20631303778116,1,1
1.41699999999995,5.09041415749145,-0.207542476381259,1,1
1.41799999999995,5.35826794977791,-0.208771587243457,1,1
1.41899999999995,5.62083377850947,-0.210000368426823,1,1
1.41999999999995,5.87785252291312,-0.211228817990944,1,1
1.42099999999995,6.1290705365184,-0.212456933995928,1,1
1.42199999999995,6.37423989747579,-0.213684714502414,1,1
1.42299999999995,6.61311865322568,-0.214912157571569,1,1
1.42399999999995,6.84547105927633,-0.216139261265093,1,1
1.42499999999995,7.07106781185521,-0.217366023645221,1,1
1.42599999999995,7.28968627420415,-0.218592442774727,1,1
1.42699999999995,7.50111069629495,-0.21981851671693,1,1
1.42799999999995,7.70513242774857,-0.22104424353569,1,1
1.42899999999995,7.90155012374792,-0.222269621295418,1,1
1.42999999999995,8.09016994374084,-0.223494648061074,1,1
1.43099999999995,8.27080574273734,-0.224719321898175,1,1
1.43199999999995,8.44327925501224,-0.225943640872794,1,1
1.43299999999995,8.6074202700319,-0.227167603051563,1,1
1.43399999999995,8.76306680043149,-0.228391206501679,1,1
1.43499999999995,8.91006524187693,-0.229614449290906,1,1
1.43599999999995,9.04827052465385,-0.230837329487576,1,1
1.43699999999995,9.17754625683388,-0.232059845160594,1,1
1.43799999999995,9.297764858877,-0.233281994379441,1,1
1.43899999999995,9.40880768953717,-0.234503775214177,1,1
1.43999999999995,9.51056516294689,-0.235725185735443,1,1
1.44099999999995,9.60293685676523,-0.236946224014465,1,1
1.44199999999995,9.68583161128255,-0.238166888123057,1,1
1.44299999999995,9.75916761938417,-0.239387176133624,1,1
1.44399999999995,9.82287250728404,-0.240607086119164,1,1
1.44499999999995,9.876883405949,-0.241826616153274,1,1
1.44599999999995,9.92114701314287,-0.243045764310148,1,1
1.44699999999995,9.95561964602936,-0.244264528664585,1,1
1.44799999999995,9.98026728428176,-0.24548290729199,1,1
1.44899999999995,9.99506560365683,-0.246700898268377,1,1
1.44999999999995,10,-0.247918499670372,1,1
1.45099999999995,9.9950656036578,-0.249135709575216,1,1
1.45199999999995,9.98026728428369,-0.250352526060768,1,1
1.45299999999995,9.95561964603226,-0.25156894720551,1,1
1.45399999999995,9.92114701314672,-0.252784971088545,1,1
1.45499999999995,9.87688340595381,-0.254000595789607,1,1
1.45599999999995,9.82287250728981,-0.255215819389058,1,1
1.45699999999995,9.75916761939088,-0.256430639967895,1,1
1.45799999999995,9.6858316112902,-0.257645055607749,1,1
1.45899999999995,9.60293685677381,-0.258859064390893,1,1
1.45999999999995,9.5105651629564,-0.26007266440024,1,1
1.46099999999995,9.4088076895476,-0.261285853719352,1,1
1.46199999999995,9.29776485888833,-0.262498630432435,1,1
1.46299999999995,9.1775462568461,-0.263710992624352,1,1
1.46399999999995,9.04827052466695,-0.264922938380616,1,1
1.46499999999995,8.9100652418909,-0.266134465787397,1,1
1.46599999999995,8.76306680044632,-0.267345572931532,1,1
1.46699999999995,8.60742027004757,-0.268556257900516,1,1
1.46799999999995,8.44327925502873,-0.269766518782511,1,1
1.46899999999995,8.27080574275464,-0.270976353666351,1,1
1.46999999999995,8.09016994375892,-0.272185760641541,1,1
1.47099999999995,7.90155012376678,-0.273394737798264,1,1
1.47199999999995,7.70513242776819,-0.274603283227377,1,1
1.47299999999995,7.50111069631529,-0.275811395020424,1,1
1.47399999999995,7.28968627422522,-0.277019071269631,1,1
1.47499999999995,7.07106781187696,-0.278226310067912,1,1
1.47599999999995,6.84547105929876,-0.279433109508873,1,1
1.47699999999995,6.61311865324876,-0.280639467686811,1,1
1.47799999999995,6.3742398974995,-0.281845382696725,1,1
1.47899999999995,6.12907053654271,-0.283050852634309,1,1
1.47999999999995,5.87785252293802,-0.28425587559596,1,1
1.48099999999995,5.62083377853492,-0.285460449678784,1,1
1.48199999999995,5.35826794980389,-0.286664572980594,1,1
1.48299999999995,5.09041415751794,-0.287868243599915,1,1
1.48399999999995,4.81753674103167,-0.289071459635986,1,1
1.48499999999995,4.53990499741025,-0.290274219188765,1,1
1.48599999999995,4.25779291566577,-0.29147652035893,1,1
1.48699999999995,3.9714789063631,-0.292678361247884,1,1
1.48799999999995,3.68124552686231,-0.293879739957756,1,1
1.48899999999995,3.38737920246866,-0.295080654591405,1,1
1.48999999999995,3.09016994376542,-0.296281103252423,1,1
1.49099999999995,2.78991106040843,-0.297481084045138,1,1
1.49199999999995,2.48689887166485,-0.298680595074617,1,1
1.49299999999995,2.18143241398189,-0.299879634446667,1,1
1.49399999999995,1.87381314587386,-0.301078200267841,1,1
1.49499999999995,1.56434465041905,-0.302276290645441,1,1
1.49599999999995,1.25333233565988,-0.303473903687519,1,1
1.49699999999995,0.941083133202081,-0.30467103750288,1,1
1.49799999999995,0.627905195310151,-0.305867690201086,1,1
1.49899999999995,0.314107590798354,-0.307063859892459,1,1
1.49999999999995,1.71164227944206E-11,-0.308259544688084,1,1
