Time,HeatFlow
0,0
0.1,0.685382931098502
0.2,2.74145656443216
0.3,6.16799542835543
0.4,10.9646237642701
0.5,17.1308155678271
0.6,24.665894646605
0.7,33.5690346942738
0.8,43.839259381195
0.9,55.4754424615003
1,68.4763078965825
1.1,82.8404299950453
1.2,98.5662335690267
1.3,115.651994106953
1.4,134.095837962646
1.5,153.895742560777
1.6,175.04953661869
1.7,197.554900384477
1.8,221.409365891388
1.9,246.610317228477
2,273.15499082743
2.1,301.040475765656
2.2,330.263714085499
2.3,360.821501129549
2.4,392.710485892108
2.5,425.927171386646
2.6,460.467915029272
2.7,496.328929038211
2.8,533.50628084916
2.9,571.995893546537
3,611.793546310579
3.1,652.894874880179
3.2,695.295372031487
3.3,738.990388072183
3.4,783.975131351355
3.5,830.244668784973
3.6,877.79392639686
3.7,926.617689875064
3.8,976.710605143744
3.9,1028.06717895024
4,1080.68177946749
4.1,1134.54863691164
4.2,1189.66184417476
4.3,1246.01535747258
4.4,1303.60299700734
4.5,1362.4184476454
4.6,1422.45525960982
4.7,1483.7068491876
4.8,1546.1664994517
4.9,1609.82736099763
5,1674.68245269452
5.1,1740.7246624507
5.2,1807.94674799366
5.3,1876.3413376642
5.4,1945.90093122481
5.5,2016.6179006822
5.6,2088.48449112375
5.7,2161.49282156797
5.8,2235.63488582869
5.9,2310.90255339306
5.99999999999999,2387.28757031315
6.09999999999999,2464.78156011106
6.19999999999999,2543.37602469754
6.29999999999999,2623.06234530387
6.39999999999999,2703.83178342699
6.49999999999999,2785.67548178786
6.59999999999999,2868.58446530263
6.69999999999999,2952.54964206696
6.79999999999999,3037.56180435304
6.89999999999999,3123.61162961924
6.99999999999999,3210.68968153257
7.09999999999999,3298.78641100331
7.19999999999999,3387.89215723234
7.29999999999999,3477.99714877047
7.39999999999999,3569.09150458995
7.49999999999999,3661.16523516814
7.59999999999999,3754.20824358292
7.69999999999999,3848.2103266199
7.79999999999999,3943.16117589138
7.89999999999999,4039.05037896672
7.99999999999999,4135.86742051426
8.09999999999999,4233.60168345434
8.19999999999999,4332.24245012366
8.29999999999999,4431.77890345059
8.39999999999999,4532.20012814136
8.49999999999999,4633.49511187701
8.59999999999999,4735.6527465211
8.69999999999999,4838.66182933778
8.79999999999998,4942.51106422029
8.89999999999998,5047.18906292978
8.99999999999998,5152.68434634407
9.09999999999998,5258.98534571649
9.19999999999998,5366.08040394458
9.29999999999998,5473.95777684835
9.39999999999998,5582.60563445818
9.49999999999998,5692.01206231214
9.59999999999998,5802.16506276252
9.69999999999998,5913.05255629151
9.79999999999998,6024.66238283585
9.89999999999998,6136.98230312033
9.99999999999998,6249.99999999997
10.1,6363.70307981072
10.2,6478.07907372853
10.3,6593.1154391368
10.4,6708.7995610017
10.5,6825.11875325563
10.6,6942.06026018838
10.7,7059.61125784588
10.8,7177.75885543656
10.9,7296.49009674495
11,7415.79196155247
11.1,7535.65136706521
11.2,7656.05516934868
11.3,7776.99016476913
11.4,7898.4430914415
11.5,8020.40063068371
11.6,8142.84940847727
11.7,8265.77599693381
11.8,8389.16691576768
11.9,8513.00863377409
12,8637.28757031311
12.1,8761.99009679889
12.2,8887.10253819407
12.3,9012.61117450959
12.4,9138.50224230915
12.5,9264.76193621845
12.6,9391.37641043928
12.7,9518.3317802677
12.8,9645.61412361676
12.9,9773.20948254318
13,9901.10386477797
13.1,10029.2832452609
13.2,10157.7335676784
13.3,10286.4407460052
13.4,10415.3906660487
13.5,10544.5691869971
13.6,10673.9621429698
13.7,10803.5553445711
13.8,10933.3345804462
13.9,11063.2856188391
14,11193.3942091543
14.1,11323.6460835185
14.2,11454.026958346
14.3,11584.5225359046
14.4,11715.1185058835
14.5,11845.8005469632
14.6,11976.554328385
14.7,12107.3655115233
14.8,12238.219751458
14.9,12369.1026985469
15,12500
15.1,12630.897301453
15.2,12761.7802485419
15.3,12892.6344884766
15.4,13023.4456716149
15.5,13154.1994530367
15.6,13284.8814941164
15.7,13415.4774640953
15.8,13545.9730416539
15.9,13676.3539164814
16,13806.6057908456
16.1,13936.7143811608
16.2,14066.6654195538
16.3,14196.4446554288
16.4,14326.0378570301
16.5,14455.4308130028
16.6,14584.6093339512
16.7,14713.5592539947
16.8,14842.2664323215
16.9,14970.716754739
17,15098.896135222
17.1,15226.7905174567
17.2,15354.3858763832
17.3,15481.6682197322
17.4,15608.6235895607
17.5,15735.2380637815
17.6,15861.4977576908
17.7,15987.3888254903
17.8,16112.8974618059
17.9,16238.0099032011
18,16362.7124296868
18.1,16486.9913662259
18.2,16610.8330842323
18.3,16734.2240030661
18.4,16857.1505915227
18.5,16979.5993693162
18.6,17101.5569085585
18.7,17223.0098352308
18.8,17343.9448306513
18.9,17464.3486329348
19,17584.2080384475
19.1,17703.509903255
19.2,17822.2411445634
19.3,17940.3887421541
19.4,18057.9397398116
19.5,18174.8812467443
19.6,18291.2004389983
19.7,18406.8845608632
19.8,18521.9209262715
19.9,18636.2969201893
20,18750
20.1,18863.0176968797
20.2,18975.3376171641
20.3,19086.9474437085
20.4,19197.8349372375
20.5,19307.9879376879
20.6,19417.3943655418
20.7,19526.0422231516
20.8,19633.9195960554
20.9,19741.0146542835
21,19847.3156536559
21.1,19952.8109370702
21.2,20057.4889357797
21.3,20161.3381706622
21.4,20264.3472534789
21.5,20366.504888123
21.6,20467.7998718587
21.7,20568.2210965494
21.8,20667.7575498764
21.9,20766.3983165457
22,20864.1325794858
22.1,20960.9496210333
22.2,21056.8388241087
22.3,21151.7896733801
22.4,21245.7917564171
22.5,21338.8347648319
22.6000000000001,21430.9084954101
22.7000000000001,21522.0028512296
22.8000000000001,21612.1078427677
22.9000000000001,21701.2135889967
23.0000000000001,21789.3103184675
23.1000000000001,21876.3883703808
23.2000000000001,21962.438195647
23.3000000000001,22047.4503579331
23.4000000000001,22131.4155346974
23.5000000000001,22214.3245182122
23.6000000000001,22296.1682165731
23.7000000000001,22376.9376546962
23.8000000000001,22456.6239753025
23.9000000000001,22535.218439889
24.0000000000001,22612.7124296869
24.1000000000001,22689.097446607
24.2000000000001,22764.3651141714
24.3000000000001,22838.5071784321
24.4000000000001,22911.5155088763
24.5000000000001,22983.3820993179
24.6000000000001,23054.0990687752
24.7000000000001,23123.6586623358
24.8000000000001,23192.0532520064
24.9000000000001,23259.2753375494
25.0000000000001,23325.3175473055
25.1000000000001,23390.1726390024
25.2000000000001,23453.8335005483
25.3000000000001,23516.2931508125
25.4000000000001,23577.5447403902
25.5000000000001,23637.5815523546
25.6000000000001,23696.3970029927
25.7000000000001,23753.9846425275
25.8000000000001,23810.3381558253
25.9000000000001,23865.4513630884
26.0000000000001,23919.3182205326
26.1000000000001,23971.9328210498
26.2000000000001,24023.2893948563
26.3000000000001,24073.382310125
26.4000000000001,24122.2060736032
26.5000000000001,24169.7553312151
26.6000000000001,24216.0248686487
26.7000000000001,24261.0096119279
26.8000000000001,24304.7046279686
26.9000000000001,24347.1051251199
27.0000000000001,24388.2064536895
27.1000000000001,24428.0041064535
27.2000000000001,24466.4937191509
27.3000000000001,24503.6710709618
27.4000000000001,24539.5320849708
27.5000000000001,24574.0728286134
27.6000000000001,24607.2895141079
27.7000000000001,24639.1784988705
27.8000000000001,24669.7362859145
27.9000000000001,24698.9595242344
28.0000000000001,24726.8450091726
28.1000000000001,24753.3896827716
28.2000000000001,24778.5906341086
28.3000000000001,24802.4450996156
28.4000000000001,24824.9504633813
28.5000000000001,24846.1042574392
28.6000000000001,24865.9041620374
28.7000000000001,24884.3480058931
28.8000000000001,24901.433766431
28.9000000000001,24917.159570005
29.0000000000001,24931.5236921034
29.1000000000001,24944.5245575385
29.2000000000001,24956.1607406188
29.3000000000001,24966.4309653057
29.4000000000001,24975.3341053534
29.5000000000001,24982.8691844322
29.6000000000002,24989.0353762357
29.7000000000002,24993.8320045717
29.8000000000002,24997.2585434356
29.9000000000002,24999.3146170689
30.0000000000002,25000
30.1000000000002,24999.3146170689
30.2000000000002,24997.2585434356
30.3000000000002,24993.8320045716
30.4000000000002,24989.0353762357
30.5000000000002,24982.8691844322
30.6000000000002,24975.3341053534
30.7000000000002,24966.4309653057
30.8000000000002,24956.1607406188
30.9000000000002,24944.5245575385
31.0000000000002,24931.5236921034
31.1000000000002,24917.1595700049
31.2000000000002,24901.4337664309
31.3000000000002,24884.348005893
31.4000000000002,24865.9041620373
31.5000000000002,24846.1042574392
31.6000000000002,24824.9504633813
31.7000000000002,24802.4450996155
31.8000000000002,24778.5906341086
31.9000000000002,24753.3896827715
32.0000000000002,24726.8450091725
32.1000000000002,24698.9595242343
32.2000000000002,24669.7362859144
32.3000000000002,24639.1784988704
32.4000000000002,24607.2895141078
32.5000000000002,24574.0728286133
32.6000000000002,24539.5320849707
32.7000000000002,24503.6710709617
32.8000000000002,24466.4937191508
32.9000000000002,24428.0041064534
33.0000000000002,24388.2064536893
33.1000000000002,24347.1051251197
33.2000000000002,24304.7046279684
33.3000000000002,24261.0096119277
33.4000000000002,24216.0248686486
33.5000000000002,24169.7553312149
33.6000000000002,24122.206073603
33.7000000000002,24073.3823101248
33.8000000000002,24023.2893948562
33.9000000000002,23971.9328210497
34.0000000000002,23919.3182205324
34.1000000000002,23865.4513630882
34.2000000000002,23810.3381558251
34.3000000000002,23753.9846425273
34.4000000000002,23696.3970029925
34.5000000000002,23637.5815523545
34.6000000000002,23577.54474039
34.7000000000002,23516.2931508123
34.8000000000002,23453.8335005482
34.9000000000002,23390.1726390022
35.0000000000002,23325.3175473053
35.1000000000002,23259.2753375491
35.2000000000002,23192.0532520062
35.3000000000002,23123.6586623356
35.4000000000002,23054.099068775
35.5000000000002,22983.3820993176
35.6000000000002,22911.5155088761
35.7000000000002,22838.5071784318
35.8000000000002,22764.3651141711
35.9000000000002,22689.0974466068
36.0000000000002,22612.7124296867
36.1000000000002,22535.2184398887
36.2000000000002,22456.6239753023
36.3000000000002,22376.9376546959
36.4000000000002,22296.1682165728
36.5000000000002,22214.3245182119
36.6000000000003,22131.4155346972
36.7000000000003,22047.4503579328
36.8000000000003,21962.4381956467
36.9000000000003,21876.3883703805
37.0000000000003,21789.3103184672
37.1000000000003,21701.2135889965
37.2000000000003,21612.1078427674
37.3000000000003,21522.0028512293
37.4000000000003,21430.9084954098
37.5000000000003,21338.8347648316
37.6000000000003,21245.7917564168
37.7000000000003,21151.7896733798
37.8000000000003,21056.8388241084
37.9000000000003,20960.949621033
38.0000000000003,20864.1325794855
38.1000000000003,20766.3983165454
38.2000000000003,20667.757549876
38.3000000000003,20568.2210965491
38.4000000000003,20467.7998718583
38.5000000000003,20366.5048881227
38.6000000000003,20264.3472534786
38.7000000000003,20161.3381706619
38.8000000000003,20057.4889357794
38.9000000000003,19952.8109370699
39.0000000000003,19847.3156536556
39.1000000000003,19741.0146542832
39.2000000000003,19633.9195960551
39.3000000000003,19526.0422231513
39.4000000000003,19417.3943655415
39.5000000000003,19307.9879376875
39.6000000000003,19197.8349372371
39.7000000000003,19086.9474437081
39.8000000000003,18975.3376171638
39.9000000000003,18863.0176968793
40.0000000000003,18749.9999999997
40.1000000000003,18636.2969201889
40.2000000000003,18521.9209262711
40.3000000000003,18406.8845608628
40.4000000000003,18291.2004389979
40.5000000000003,18174.881246744
40.6000000000003,18057.9397398112
40.7000000000003,17940.3887421537
40.8000000000003,17822.241144563
40.9000000000003,17703.5099032546
41.0000000000003,17584.2080384471
41.1000000000003,17464.3486329344
41.2000000000003,17343.9448306509
41.3000000000003,17223.0098352304
41.4000000000003,17101.5569085581
41.5000000000003,16979.5993693159
41.6000000000003,16857.1505915223
41.7000000000003,16734.2240030657
41.8000000000003,16610.8330842319
41.9000000000003,16486.9913662255
42.0000000000003,16362.7124296864
42.1000000000003,16238.0099032007
42.2000000000003,16112.8974618055
42.3000000000003,15987.38882549
42.4000000000003,15861.4977576904
42.5000000000003,15735.2380637811
42.6000000000003,15608.6235895603
42.7000000000003,15481.6682197318
42.8000000000003,15354.3858763828
42.9000000000003,15226.7905174563
43.0000000000003,15098.8961352216
43.1000000000003,14970.7167547386
43.2000000000003,14842.2664323211
43.3000000000003,14713.5592539943
43.4000000000003,14584.6093339508
43.5000000000003,14455.4308130024
43.6000000000003,14326.0378570297
43.7000000000004,14196.4446554283
43.8000000000004,14066.6654195533
43.9000000000004,13936.7143811604
44.0000000000004,13806.6057908452
44.1000000000004,13676.353916481
44.2000000000004,13545.9730416535
44.3000000000004,13415.4774640949
44.4000000000004,13284.8814941159
44.5000000000004,13154.1994530363
44.6000000000004,13023.4456716145
44.7000000000004,12892.6344884761
44.8000000000004,12761.7802485415
44.9000000000004,12630.8973014526
45.0000000000004,12499.9999999995
45.1000000000004,12369.1026985465
45.2000000000004,12238.2197514576
45.3000000000004,12107.3655115229
45.4000000000004,11976.5543283845
45.5000000000004,11845.8005469627
45.6000000000004,11715.1185058831
45.7000000000004,11584.5225359041
45.8000000000004,11454.0269583456
45.9000000000004,11323.6460835181
46.0000000000004,11193.3942091538
46.1000000000004,11063.2856188387
46.2000000000004,10933.3345804457
46.3000000000004,10803.5553445707
46.4000000000004,10673.9621429694
46.5000000000004,10544.5691869966
46.6000000000004,10415.3906660482
46.7000000000004,10286.4407460047
46.8000000000004,10157.7335676779
46.9000000000004,10029.2832452604
47.0000000000004,9901.1038647775
47.1000000000004,9773.20948254272
47.2000000000004,9645.6141236163
47.3000000000004,9518.33178026722
47.4000000000004,9391.3764104388
47.5000000000004,9264.76193621799
47.6000000000004,9138.50224230867
47.7000000000004,9012.61117450912
47.8000000000004,8887.1025381936
47.9000000000004,8761.99009679842
48.0000000000004,8637.28757031265
48.1000000000004,8513.0086337736
48.2000000000004,8389.1669157672
48.3000000000004,8265.77599693335
48.4000000000004,8142.8494084768
48.5000000000004,8020.40063068323
48.6000000000004,7898.44309144101
48.7000000000004,7776.99016476866
48.8000000000004,7656.05516934821
48.9000000000004,7535.65136706473
49.0000000000004,7415.79196155199
49.1000000000004,7296.49009674449
49.2000000000004,7177.75885543608
49.3000000000004,7059.61125784539
49.4000000000004,6942.0602601879
49.5000000000004,6825.11875325517
49.6000000000004,6708.79956100122
49.7000000000004,6593.11543913631
49.8000000000004,6478.07907372806
49.9000000000004,6363.70307981025
50.0000000000004,6249.9999999995
50.1000000000004,6136.98230311986
50.2000000000004,6024.66238283538
50.3000000000004,5913.05255629104
50.4000000000004,5802.16506276205
50.5000000000004,5692.01206231166
50.6000000000004,5582.60563445771
50.7000000000005,5473.95777684789
50.8000000000005,5366.08040394412
50.9000000000005,5258.98534571602
51.0000000000005,5152.6843463436
51.1000000000005,5047.18906292933
51.2000000000005,4942.51106421984
51.3000000000005,4838.66182933731
51.4000000000005,4735.65274652065
51.5000000000005,4633.49511187657
51.6000000000005,4532.20012814091
51.7000000000005,4431.77890345015
51.8000000000005,4332.24245012322
51.9000000000005,4233.6016834539
52.0000000000005,4135.86742051382
52.1000000000005,4039.05037896629
52.2000000000005,3943.16117589094
52.3000000000005,3848.21032661948
52.4000000000005,3754.20824358249
52.5000000000005,3661.16523516771
52.6000000000005,3569.09150458952
52.7000000000005,3477.99714877005
52.8000000000005,3387.89215723193
52.9000000000005,3298.78641100289
53.0000000000005,3210.68968153215
53.1000000000005,3123.61162961885
53.2000000000005,3037.56180435263
53.3000000000005,2952.54964206656
53.4000000000005,2868.58446530223
53.5000000000005,2785.67548178747
53.6000000000005,2703.8317834266
53.7000000000005,2623.06234530347
53.8000000000005,2543.37602469716
53.9000000000005,2464.78156011069
54.0000000000005,2387.28757031278
54.1000000000005,2310.90255339269
54.2000000000005,2235.63488582832
54.3000000000005,2161.49282156762
54.4000000000005,2088.48449112339
54.5000000000005,2016.61790068184
54.6000000000005,1945.90093122446
54.7000000000005,1876.34133766386
54.8000000000005,1807.94674799332
54.9000000000005,1740.72466245036
55.0000000000005,1674.68245269418
55.1000000000005,1609.82736099731
55.2000000000005,1546.16649945138
55.3000000000005,1483.70684918728
55.4000000000005,1422.45525960951
55.5000000000005,1362.4184476451
55.6000000000005,1303.60299700704
55.7000000000005,1246.01535747228
55.8000000000005,1189.66184417447
55.9000000000005,1134.54863691136
56.0000000000005,1080.68177946721
56.1000000000005,1028.06717894996
56.2000000000005,976.710605143475
56.3000000000005,926.617689874811
56.4000000000005,877.793926396604
56.5000000000005,830.244668784726
56.6000000000005,783.975131351113
56.7000000000005,738.990388071948
56.8000000000005,695.295372031256
56.9000000000005,652.89487487995
57.0000000000005,611.793546310364
57.1000000000005,571.995893546333
57.2000000000005,533.506280848953
57.3000000000005,496.328929038013
57.4000000000005,460.467915029083
57.5000000000005,425.927171386462
57.6000000000005,392.710485891932
57.7000000000005,360.821501129378
57.8000000000006,330.263714085333
57.9000000000006,301.040475765501
58.0000000000006,273.154990827281
58.1000000000006,246.610317228331
58.2000000000006,221.409365891253
58.3000000000006,197.55490038435
58.4000000000006,175.049536618568
58.5000000000006,153.895742560662
58.6000000000006,134.095837962539
58.7000000000006,115.651994106856
58.8000000000006,98.5662335689358
58.9000000000006,82.840429994958
59.0000000000006,68.4763078965061
59.1000000000006,55.4754424614312
59.2000000000006,43.8392593811332
59.3000000000006,33.5690346942174
59.4000000000006,24.6658946465577
59.5000000000006,17.1308155677871
59.6000000000006,10.9646237642391
59.7000000000006,6.16799542833178
59.8000000000006,2.74145656441578
59.9000000000006,0.685382931089407
60.0000000000006,0
60.1000000000006,0.685382931105778
60.2000000000006,2.74145656444853
60.3000000000006,6.16799542837907
60.4000000000006,10.9646237643028
60.5000000000006,17.1308155678671
60.6000000000006,24.6658946466541
60.7000000000006,33.5690346943302
60.8000000000006,43.8392593812605
60.9000000000006,55.475442461573
61.0000000000006,68.4763078966644
61.1000000000006,82.8404299951326
61.2000000000006,98.566233569125
61.3000000000006,115.651994107062
61.4000000000006,134.095837962763
61.5000000000006,153.895742560901
61.6000000000006,175.049536618819
61.7000000000006,197.554900384617
61.8000000000006,221.409365891541
61.9000000000006,246.610317228633
62.0000000000006,273.154990827594
62.1000000000006,301.040475765834
62.2000000000006,330.263714085679
62.3000000000006,360.821501129738
62.4000000000006,392.710485892312
62.5000000000006,425.927171386857
62.6000000000006,460.467915029491
62.7000000000006,496.328929038438
62.8000000000006,533.506280849395
62.9000000000006,571.995893546782
63.0000000000006,611.793546310833
63.1000000000006,652.894874880438
63.2000000000006,695.295372031755
63.3000000000006,738.990388072467
63.4000000000006,783.975131351643
63.5000000000006,830.24466878527
63.6000000000006,877.793926397162
63.7000000000006,926.617689875384
63.8000000000006,976.710605144066
63.9000000000006,1028.06717895056
64.0000000000006,1080.68177946783
64.1000000000006,1134.54863691199
64.2000000000006,1189.66184417511
64.3000000000006,1246.01535747293
64.4000000000006,1303.6029970077
64.5000000000006,1362.41844764576
64.6000000000006,1422.45525961018
64.7000000000006,1483.70684918797
64.8000000000006,1546.16649945208
64.9000000000006,1609.82736099801
65.0000000000006,1674.68245269489
65.1000000000006,1740.72466245108
65.2000000000006,1807.94674799406
65.3000000000006,1876.34133766459
65.4000000000006,1945.9009312252
65.5000000000006,2016.61790068259
65.6000000000005,2088.48449112415
65.7000000000005,2161.49282156838
65.8000000000005,2235.6348858291
65.9000000000005,2310.90255339347
66.0000000000005,2387.28757031356
66.1000000000005,2464.78156011147
66.2000000000005,2543.37602469795
66.3000000000005,2623.06234530428
66.4000000000005,2703.83178342741
66.5000000000005,2785.67548178827
66.6000000000005,2868.58446530304
66.7000000000005,2952.54964206738
66.8000000000005,3037.56180435346
66.9000000000005,3123.61162961967
67.0000000000005,3210.68968153298
67.1000000000005,3298.78641100372
67.2000000000005,3387.89215723277
67.3000000000005,3477.99714877088
67.4000000000004,3569.09150459037
67.5000000000004,3661.16523516855
67.6000000000004,3754.20824358334
67.7000000000004,3848.21032662032
67.8000000000004,3943.16117589179
67.9000000000004,4039.05037896715
68.0000000000004,4135.86742051467
68.1000000000004,4233.60168345475
68.2000000000004,4332.24245012407
68.3000000000004,4431.77890345102
68.4000000000004,4532.20012814177
68.5000000000004,4633.49511187742
68.6000000000004,4735.6527465215
68.7000000000004,4838.66182933818
68.8000000000004,4942.5110642207
68.9000000000004,5047.18906293018
69.0000000000004,5152.68434634446
69.1000000000003,5258.98534571689
69.2000000000003,5366.08040394497
69.3000000000003,5473.95777684873
69.4000000000003,5582.60563445856
69.5000000000003,5692.01206231252
69.6000000000003,5802.16506276289
69.7000000000003,5913.05255629188
69.8000000000003,6024.66238283621
69.9000000000003,6136.9823031207
70.0000000000003,6250.00000000034
70.1000000000003,6363.70307981107
70.2000000000003,6478.07907372888
70.3000000000003,6593.11543913715
70.4000000000003,6708.79956100205
70.5000000000003,6825.11875325598
70.6000000000003,6942.0602601887
70.7000000000003,7059.61125784621
70.8000000000003,7177.75885543689
70.9000000000002,7296.49009674528
71.0000000000002,7415.79196155278
71.1000000000002,7535.65136706553
71.2000000000002,7656.05516934899
71.3000000000002,7776.99016476943
71.4000000000002,7898.44309144178
71.5000000000002,8020.40063068401
71.6000000000002,8142.84940847757
71.7000000000002,8265.7759969341
71.8000000000002,8389.16691576794
71.9000000000002,8513.00863377436
72.0000000000002,8637.28757031339
72.1000000000002,8761.99009679914
72.2000000000002,8887.10253819431
72.3000000000002,9012.61117450984
72.4000000000002,9138.50224230938
72.5000000000002,9264.76193621869
72.6000000000002,9391.3764104395
72.7000000000001,9518.33178026792
72.8000000000001,9645.61412361698
72.9000000000001,9773.20948254338
73.0000000000001,9901.10386477816
73.1000000000001,10029.2832452611
73.2000000000001,10157.7335676786
73.3000000000001,10286.4407460053
73.4000000000001,10415.3906660488
73.5000000000001,10544.5691869972
73.6000000000001,10673.96214297
73.7000000000001,10803.5553445713
73.8000000000001,10933.3345804463
73.9000000000001,11063.2856188393
74.0000000000001,11193.3942091544
74.1000000000001,11323.6460835187
74.2000000000001,11454.0269583461
74.3000000000001,11584.5225359047
74.4,11715.1185058836
74.5,11845.8005469633
74.6,11976.5543283851
74.7,12107.3655115234
74.8,12238.2197514581
74.9,12369.1026985469
75,12500
75.1,12630.8973014531
75.2,12761.780248542
75.3,12892.6344884766
75.4,13023.445671615
75.5,13154.1994530368
75.6,13284.8814941164
75.7,13415.4774640954
75.8,13545.9730416539
75.9,13676.3539164814
76,13806.6057908456
76.1,13936.7143811608
76.1999999999999,14066.6654195537
76.2999999999999,14196.4446554287
76.3999999999999,14326.0378570301
76.4999999999999,14455.4308130028
76.5999999999999,14584.6093339512
76.6999999999999,14713.5592539947
76.7999999999999,14842.2664323214
76.8999999999999,14970.716754739
76.9999999999999,15098.8961352219
77.0999999999999,15226.7905174566
77.1999999999999,15354.3858763831
77.2999999999999,15481.6682197321
77.3999999999999,15608.6235895605
77.4999999999999,15735.2380637813
77.5999999999999,15861.4977576907
77.6999999999999,15987.3888254902
77.7999999999999,16112.8974618057
77.8999999999998,16238.0099032009
77.9999999999998,16362.7124296866
78.0999999999998,16486.9913662257
78.1999999999998,16610.8330842321
78.2999999999998,16734.2240030659
78.3999999999998,16857.1505915225
78.4999999999998,16979.599369316
78.5999999999998,17101.5569085582
78.6999999999998,17223.0098352306
78.7999999999998,17343.944830651
78.8999999999998,17464.3486329345
78.9999999999998,17584.2080384472
79.0999999999998,17703.5099032548
79.1999999999998,17822.2411445631
79.2999999999998,17940.3887421538
79.3999999999998,18057.9397398113
79.4999999999998,18174.8812467441
79.5999999999998,18291.200438998
79.6999999999997,18406.8845608629
79.7999999999997,18521.9209262711
79.8999999999997,18636.296920189
79.9999999999997,18749.9999999997
80.0999999999997,18863.0176968793
80.1999999999997,18975.3376171638
80.2999999999997,19086.9474437081
80.3999999999997,19197.8349372371
80.4999999999997,19307.9879376875
80.5999999999997,19417.3943655415
80.6999999999997,19526.0422231513
80.7999999999997,19633.9195960551
80.8999999999997,19741.0146542831
80.9999999999997,19847.3156536556
81.0999999999997,19952.8109370698
81.1999999999997,20057.4889357793
81.2999999999997,20161.3381706618
81.3999999999997,20264.3472534785
81.4999999999996,20366.5048881226
81.5999999999996,20467.7998718583
81.6999999999996,20568.221096549
81.7999999999996,20667.757549876
81.8999999999996,20766.3983165453
81.9999999999996,20864.1325794854
82.0999999999996,20960.9496210329
82.1999999999996,21056.8388241082
82.2999999999996,21151.7896733797
82.3999999999996,21245.7917564167
82.4999999999996,21338.8347648315
82.5999999999996,21430.9084954097
82.6999999999996,21522.0028512291
82.7999999999996,21612.1078427673
82.8999999999996,21701.2135889963
82.9999999999996,21789.310318467
83.0999999999996,21876.3883703804
83.1999999999995,21962.4381956466
83.2999999999995,22047.4503579327
83.3999999999995,22131.415534697
83.4999999999995,22214.3245182118
83.5999999999995,22296.1682165726
83.6999999999995,22376.9376546958
83.7999999999995,22456.6239753021
83.8999999999995,22535.2184398886
83.9999999999995,22612.7124296864
84.0999999999995,22689.0974466066
84.1999999999995,22764.3651141709
84.2999999999995,22838.5071784317
84.3999999999995,22911.5155088759
84.4999999999995,22983.3820993174
84.5999999999995,23054.0990687748
84.6999999999995,23123.6586623354
84.7999999999995,23192.053252006
84.8999999999995,23259.2753375489
84.9999999999994,23325.3175473051
85.0999999999994,23390.172639002
85.1999999999994,23453.8335005479
85.2999999999994,23516.2931508121
85.3999999999994,23577.5447403898
85.4999999999994,23637.5815523543
85.5999999999994,23696.3970029923
85.6999999999994,23753.9846425271
85.7999999999994,23810.3381558249
85.8999999999994,23865.451363088
85.9999999999994,23919.3182205322
86.0999999999994,23971.9328210494
86.1999999999994,24023.2893948559
86.2999999999994,24073.3823101246
86.3999999999994,24122.2060736028
86.4999999999994,24169.7553312147
86.5999999999994,24216.0248686483
86.6999999999993,24261.0096119275
86.7999999999993,24304.7046279682
86.8999999999993,24347.1051251195
86.9999999999993,24388.2064536891
87.0999999999993,24428.0041064532
87.1999999999993,24466.4937191506
87.2999999999993,24503.6710709615
87.3999999999993,24539.5320849705
87.4999999999993,24574.0728286131
87.5999999999993,24607.2895141077
87.6999999999993,24639.1784988702
87.7999999999993,24669.7362859143
87.8999999999993,24698.9595242341
87.9999999999993,24726.8450091724
88.0999999999993,24753.3896827713
88.1999999999993,24778.5906341084
88.2999999999993,24802.4450996154
88.3999999999993,24824.9504633811
88.4999999999992,24846.1042574391
88.5999999999992,24865.9041620372
88.6999999999992,24884.3480058929
88.7999999999992,24901.4337664308
88.8999999999992,24917.1595700048
88.9999999999992,24931.5236921033
89.0999999999992,24944.5245575384
89.1999999999992,24956.1607406187
89.2999999999992,24966.4309653057
89.3999999999992,24975.3341053533
89.4999999999992,24982.8691844321
89.5999999999992,24989.0353762357
89.6999999999992,24993.8320045716
89.7999999999992,24997.2585434355
89.8999999999992,24999.3146170689
89.9999999999992,25000
90.0999999999992,24999.3146170689
90.1999999999992,24997.2585434356
90.2999999999991,24993.8320045717
90.3999999999991,24989.0353762358
90.4999999999991,24982.8691844322
90.5999999999991,24975.3341053535
90.6999999999991,24966.4309653058
90.7999999999991,24956.1607406189
90.8999999999991,24944.5245575386
90.9999999999991,24931.5236921035
91.0999999999991,24917.1595700051
91.1999999999991,24901.4337664311
91.2999999999991,24884.3480058932
91.3999999999991,24865.9041620375
91.4999999999991,24846.1042574394
91.5999999999991,24824.9504633815
91.6999999999991,24802.4450996157
91.7999999999991,24778.5906341088
91.8999999999991,24753.3896827718
91.999999999999,24726.8450091728
92.099999999999,24698.9595242346
92.199999999999,24669.7362859148
92.299999999999,24639.1784988708
92.399999999999,24607.2895141082
92.499999999999,24574.0728286137
92.599999999999,24539.5320849711
92.699999999999,24503.6710709621
92.799999999999,24466.4937191512
92.899999999999,24428.0041064538
92.999999999999,24388.2064536898
93.099999999999,24347.1051251202
93.199999999999,24304.704627969
93.299999999999,24261.0096119283
93.399999999999,24216.0248686491
93.499999999999,24169.7553312155
93.599999999999,24122.2060736037
93.699999999999,24073.3823101254
93.7999999999989,24023.2893948568
93.8999999999989,23971.9328210503
93.9999999999989,23919.3182205331
94.0999999999989,23865.4513630889
94.1999999999989,23810.3381558259
94.2999999999989,23753.984642528
94.3999999999989,23696.3970029933
94.4999999999989,23637.5815523552
94.5999999999989,23577.5447403909
94.6999999999989,23516.2931508131
94.7999999999989,23453.833500549
94.8999999999989,23390.1726390031
94.9999999999989,23325.3175473062
95.0999999999989,23259.27533755
95.1999999999989,23192.0532520071
95.2999999999989,23123.6586623366
95.3999999999989,23054.099068776
95.4999999999988,22983.3820993186
95.5999999999988,22911.5155088771
95.6999999999988,22838.5071784329
95.7999999999988,22764.3651141722
95.8999999999988,22689.0974466078
95.9999999999988,22612.7124296878
96.0999999999988,22535.2184398898
96.1999999999988,22456.6239753034
96.2999999999988,22376.9376546971
96.3999999999988,22296.168216574
96.4999999999988,22214.3245182131
96.5999999999988,22131.4155346984
96.6999999999988,22047.450357934
96.7999999999988,21962.438195648
96.8999999999988,21876.3883703818
96.9999999999988,21789.3103184685
97.0999999999988,21701.2135889978
97.1999999999988,21612.1078427688
97.2999999999987,21522.0028512306
97.3999999999987,21430.9084954112
97.4999999999987,21338.834764833
97.5999999999987,21245.7917564183
97.6999999999987,21151.7896733813
97.7999999999987,21056.8388241098
97.8999999999987,20960.9496210345
97.9999999999987,20864.132579487
98.0999999999987,20766.3983165469
98.1999999999987,20667.7575498776
98.2999999999987,20568.2210965507
98.3999999999987,20467.79987186
98.4999999999987,20366.5048881243
98.5999999999987,20264.3472534803
98.6999999999987,20161.3381706636
98.7999999999987,20057.4889357811
98.8999999999987,19952.8109370716
98.9999999999986,19847.3156536574
99.0999999999986,19741.0146542849
99.1999999999986,19633.9195960569
99.2999999999986,19526.0422231531
99.3999999999986,19417.3943655433
99.4999999999986,19307.9879376893
99.5999999999986,19197.834937239
99.6999999999986,19086.94744371
99.7999999999986,18975.3376171657
99.8999999999986,18863.0176968812
99.9999999999986,18750.0000000016
100.099999999999,18636.2969201909
100.199999999999,18521.9209262731
100.299999999999,18406.8845608648
100.399999999999,18291.2004389999
100.499999999999,18174.881246746
100.599999999999,18057.9397398133
100.699999999999,17940.3887421558
100.799999999999,17822.2411445651
100.899999999999,17703.5099032567
100.999999999999,17584.2080384493
101.099999999999,17464.3486329365
101.199999999999,17343.9448306531
101.299999999999,17223.0098352326
101.399999999999,17101.5569085603
101.499999999999,16979.5993693181
101.599999999999,16857.1505915246
101.699999999998,16734.224003068
101.799999999998,16610.8330842342
101.899999999998,16486.9913662277
101.999999999998,16362.7124296888
102.099999999998,16238.009903203
102.199999999998,16112.8974618078
102.299999999998,15987.3888254923
102.399999999998,15861.4977576928
102.499999999998,15735.2380637835
102.599999999998,15608.6235895627
102.699999999998,15481.6682197342
102.799999999998,15354.3858763852
102.899999999998,15226.7905174588
102.999999999998,15098.896135224
103.099999999998,14970.7167547411
103.199999999998,14842.2664323236
103.299999999998,14713.5592539968
103.399999999998,14584.6093339534
103.499999999998,14455.4308130049
103.599999999998,14326.0378570323
103.699999999998,14196.4446554309
103.799999999998,14066.6654195559
103.899999999998,13936.7143811629
103.999999999998,13806.6057908478
104.099999999998,13676.3539164836
104.199999999998,13545.9730416561
104.299999999998,13415.4774640975
104.399999999998,13284.8814941186
104.499999999998,13154.199453039
104.599999999998,13023.4456716172
104.699999999998,12892.6344884788
104.799999999998,12761.7802485442
104.899999999998,12630.8973014553
104.999999999998,12500.0000000022
105.099999999998,12369.1026985491
105.199999999998,12238.2197514603
105.299999999998,12107.3655115256
105.399999999998,11976.5543283873
105.499999999998,11845.8005469654
105.599999999998,11715.1185058859
105.699999999998,11584.5225359068
105.799999999998,11454.0269583483
105.899999999998,11323.6460835208
105.999999999998,11193.3942091566
106.099999999998,11063.2856188414
106.199999999998,10933.3345804485
106.299999999998,10803.5553445735
106.399999999998,10673.9621429722
106.499999999998,10544.5691869994
106.599999999998,10415.390666051
106.699999999998,10286.4407460075
106.799999999998,10157.7335676808
106.899999999998,10029.2832452632
106.999999999998,9901.10386478034
107.099999999998,9773.20948254552
107.199999999998,9645.61412361914
107.299999999998,9518.33178027004
107.399999999998,9391.37641044166
107.499999999998,9264.7619362208
107.599999999998,9138.50224231152
107.699999999998,9012.61117451194
107.799999999998,8887.10253819644
107.899999999998,8761.99009680122
107.999999999998,8637.2875703155
108.099999999998,8513.00863377643
108.199999999998,8389.16691577005
108.299999999998,8265.77599693616
108.399999999998,8142.84940847964
108.499999999998,8020.40063068605
108.599999999998,7898.44309144385
108.699999999998,7776.99016477145
108.799999999998,7656.05516935103
108.899999999998,7535.65136706753
108.999999999998,7415.79196155481
109.099999999998,7296.49009674726
109.199999999998,7177.7588554389
109.299999999998,7059.61125784818
109.399999999998,6942.0602601907
109.499999999998,6825.11875325792
109.599999999998,6708.79956100401
109.699999999998,6593.11543913907
109.799999999998,6478.07907373083
109.899999999998,6363.70307981297
109.999999999998,6250.00000000226
110.099999999998,6136.98230312258
110.199999999998,6024.66238283811
110.299999999998,5913.05255629373
110.399999999998,5802.16506276477
110.499999999998,5692.01206231434
110.599999999998,5582.60563446041
110.699999999998,5473.95777685053
110.799999999998,5366.08040394679
110.899999999998,5258.98534571866
110.999999999998,5152.68434634625
111.099999999998,5047.18906293193
111.199999999998,4942.51106422246
111.299999999998,4838.6618293399
111.399999999998,4735.65274652324
111.499999999998,4633.49511187911
111.599999999998,4532.20012814348
111.699999999998,4431.77890345268
111.799999999998,4332.24245012575
111.899999999998,4233.60168345639
111.999999999998,4135.86742051632
112.099999999998,4039.05037896874
112.199999999998,3943.16117589341
112.299999999998,3848.21032662189
112.399999999998,3754.20824358492
112.499999999998,3661.1652351701
112.599999999998,3569.09150459192
112.699999999998,3477.99714877239
112.799999999998,3387.89215723428
112.899999999998,3298.78641100521
112.999999999998,3210.68968153446
113.099999999998,3123.61162962111
113.199999999998,3037.5618043549
113.299999999998,2952.54964206879
113.399999999998,2868.58446530446
113.499999999998,2785.67548178965
113.599999999998,2703.83178342879
113.699999999998,2623.06234530561
113.799999999998,2543.3760246993
113.899999999998,2464.78156011277
113.999999999998,2387.28757031487
114.099999999998,2310.90255339474
114.199999999998,2235.63488583037
114.299999999998,2161.4928215696
114.399999999998,2088.48449112538
114.499999999998,2016.61790068378
114.599999999998,1945.90093122639
114.699999999998,1876.34133766574
114.799999999998,1807.9467479952
114.899999999998,1740.7246624522
114.999999999998,1674.68245269601
115.099999999998,1609.82736099908
115.199999999998,1546.16649945314
115.299999999998,1483.706849189
115.399999999998,1422.45525961121
115.499999999998,1362.41844764675
115.599999999998,1303.60299700868
115.699999999998,1246.01535747388
115.799999999998,1189.66184417605
115.899999999998,1134.5486369129
115.999999999998,1080.68177946873
116.099999999998,1028.06717895143
116.199999999998,976.710605144934
116.299999999998,926.617689876215
116.399999999998,877.793926397993
116.499999999998,830.24466878607
116.599999999998,783.975131352434
116.699999999998,738.99038807322
116.799999999998,695.295372032511
116.899999999998,652.894874881162
116.999999999998,611.793546311545
117.099999999998,571.995893547466
117.199999999998,533.50628085007
117.299999999998,496.32892903908
117.399999999998,460.467915030122
117.499999999998,425.927171387457
117.599999999998,392.7104858929
117.699999999998,360.821501130296
117.799999999998,330.263714086224
117.899999999998,301.040475766347
117.999999999998,273.154990828096
118.099999999998,246.610317229102
118.199999999998,221.409365891994
118.299999999998,197.554900385039
118.399999999998,175.049536619228
118.499999999998,153.895742561279
118.599999999998,134.095837963119
118.699999999998,115.651994107391
118.799999999998,98.5662335694378
118.899999999998,82.8404299954163
118.999999999998,68.4763078969245
119.099999999998,55.4754424618059
119.199999999998,43.8392593814715
119.299999999997,33.5690346945121
119.399999999997,24.6658946468142
119.499999999997,17.1308155679981
119.599999999997,10.9646237644101
119.699999999997,6.16799542845911
119.799999999997,2.74145656450128
119.899999999997,0.685382931133063
119.999999999997,0
